0.000,-5E-5,-5E-6,-5.1E-7,-0.05,0.0,9.9,0.0,9.9,0.0000,,,0.0,0.0,0.0,0.000,0,-2E-4,-1.9E-5,-0.09,0.0,9.9,0.0,9.9,0.0000,,,0.0,0.0,0.0,0.000,-4E-5,-4E-6,-3.8E-7,-0.09,0.0,9.9,-0.1,9.9,0.0000,,,0.0,0.0,0.0
0.050,,,,,,,,,0.0000,0.000,,0.0,0.0,0.0,0.050,,,,,,,,,0.0000,0.000,,0.0,0.0,0.0,0.050,,,,,,,,,0.0000,0.000,,0.0,0.0,0.0
0.100,-5E-5,-5E-6,-5.0E-7,-0.05,0.0,9.9,-0.1,9.9,0.0000,0.000,0.000,0.0,0.0,0.0,0.100,0,-2E-4,-1.9E-5,-0.09,0.0,9.9,-0.1,9.9,0.0000,0.000,0.000,0.0,0.0,0.0,0.100,-4E-5,-4E-6,-3.9E-7,-0.09,0.0,9.9,-0.1,9.9,0.0000,0.000,0.000,0.0,0.0,0.0
0.150,,,,,,,,,0.0000,0.000,0.000,0.0,0.0,0.0,0.150,,,,,,,,,0.0000,0.000,0.000,0.0,0.0,0.0,0.150,,,,,,,,,0.0000,0.000,0.000,0.0,0.0,0.0
0.200,-5E-5,-5E-6,-5.0E-7,-0.05,0.9,8.8,-0.2,8.8,0.0000,0.000,0.000,0.0,0.0,0.0,0.200,0,-2E-4,-1.9E-5,-0.09,0.0,9.9,-0.1,9.9,0.0000,0.000,0.000,0.0,0.0,0.0,0.200,-4E-5,-4E-6,-3.9E-7,-0.09,0.0,9.9,-0.1,9.9,0.0000,0.000,0.000,0.0,0.0,0.0
0.250,,,,,,,,,0.0000,0.000,0.000,0.0,0.0,0.0,0.250,,,,,,,,,0.0000,0.000,0.000,0.0,0.0,0.0,0.250,,,,,,,,,0.0000,0.000,0.000,0.0,0.0,0.0
0.300,-5E-5,-5E-6,-5.5E-7,-0.05,0.0,9.9,-0.1,9.9,0.0000,0.000,0.000,0.0,0.0,0.0,0.300,0,-2E-4,-1.9E-5,-0.09,0.0,9.9,-0.1,9.9,0.0000,0.000,0.000,0.0,0.0,0.0,0.300,-4E-5,-4E-6,-4.0E-7,-0.09,0.0,9.9,-0.1,9.9,0.0000,0.000,0.000,0.0,0.0,0.0
0.350,,,,,,,,,0.0000,0.000,0.000,0.0,0.0,0.0,0.350,,,,,,,,,0.0000,0.000,0.000,0.0,0.0,0.0,0.350,,,,,,,,,0.0000,0.000,0.000,0.0,0.0,0.0
0.400,-6E-5,-6E-6,-5.5E-7,-0.06,0.0,9.9,-0.1,9.9,0.0000,0.000,0.000,0.0,0.0,0.0,0.400,0,-2E-4,-1.9E-5,-0.09,0.0,9.9,-0.1,9.9,0.0000,0.000,0.000,0.0,0.0,0.0,0.400,-4E-5,-4E-6,-4.0E-7,-0.09,0.0,9.9,-0.1,9.9,0.0000,0.000,0.000,0.0,0.0,0.0
0.450,,,,,,,,,0.0000,0.000,0.000,0.0,0.0,0.0,0.450,,,,,,,,,0.0000,0.000,0.000,0.0,0.0,0.0,0.450,,,,,,,,,0.0000,0.000,0.000,0.0,0.0,0.0
0.500,-6E-5,-6E-6,-5.6E-7,-0.06,0.0,9.9,-0.1,9.9,0.0000,0.000,0.000,0.0,0.0,0.0,0.500,0,-2E-4,-1.9E-5,-0.09,0.0,9.9,-0.1,9.9,0.0000,0.000,0.000,0.0,0.0,0.0,0.500,-4E-5,-4E-6,-4.3E-7,-0.09,0.0,9.9,-0.1,9.9,0.0000,0.000,0.000,0.0,0.0,0.0
0.550,,,,,,,,,0.0000,0.000,0.000,0.0,0.0,0.0,0.550,,,,,,,,,0.0000,0.000,0.000,0.0,0.0,0.0,0.550,,,,,,,,,0.0000,0.000,0.000,0.0,0.0,0.0
0.600,-5E-5,-5E-6,-5.2E-7,-0.06,0.0,9.9,-0.1,9.9,0.0000,0.000,0.000,0.0,0.0,0.0,0.600,0,-2E-4,-1.9E-5,-0.09,0.0,9.9,-0.1,9.9,0.0000,0.000,0.000,0.0,0.0,0.0,0.600,-4E-5,-4E-6,-4.4E-7,-0.09,-9.7E-4,9.9,-0.1,9.9,0.0000,0.000,0.000,0.0,0.0,0.0
0.650,,,,,,,,,0.0000,0.000,0.000,0.0,0.0,0.0,0.650,,,,,,,,,0.0000,0.000,0.000,0.0,0.0,0.0,0.650,,,,,,,,,0.0000,0.000,0.000,0.0,0.0,0.0
0.700,-6E-5,-6E-6,-5.5E-7,-0.06,0.0,10.0,-0.1,10.0,0.0000,0.000,0.000,0.0,0.0,0.0,0.700,0,-2E-4,-1.9E-5,-0.09,0.0,9.9,-0.1,9.9,0.0000,0.000,0.000,0.0,0.0,0.0,0.700,-4E-5,-4E-6,-4.3E-7,-0.09,-0.1,10.0,-0.1,10.0,0.0000,0.000,0.000,0.0,0.0,0.0
0.750,,,,,,,,,0.0000,0.000,0.000,0.0,0.0,0.0,0.750,,,,,,,,,0.0000,0.000,0.000,0.0,0.0,0.0,0.750,,,,,,,,,0.0000,0.000,0.000,0.0,0.0,0.0
0.800,-6E-5,-6E-6,-5.6E-7,-0.07,0.0,9.9,-0.1,9.9,0.0000,0.000,0.000,0.0,0.0,0.0,0.800,0,-2E-4,-1.9E-5,-0.09,0.0,9.9,-0.1,9.9,0.0000,0.000,0.000,0.0,0.0,0.0,0.800,-4E-5,-4E-6,-4.3E-7,-0.09,0.0,9.9,-0.1,9.9,0.0000,0.000,0.000,0.0,0.0,0.0
0.850,,,,,,,,,0.0000,0.000,0.000,0.0,0.0,0.0,0.850,,,,,,,,,0.0000,0.000,0.000,0.0,0.0,0.0,0.850,,,,,,,,,0.0000,0.000,0.000,0.0,0.0,0.0
0.900,-6E-5,-6E-6,-5.6E-7,-0.05,0.0,9.9,-0.1,9.9,0.0000,0.000,0.000,0.0,0.0,0.0,0.900,0,-2E-4,-1.9E-5,-0.09,0.0,9.9,-0.1,9.9,0.0000,0.000,0.000,0.0,0.0,0.0,0.900,-4E-5,-4E-6,-3.8E-7,-0.09,0.0,9.9,-0.1,9.9,0.0000,0.000,0.000,0.0,0.0,0.0
0.950,,,,,,,,,0.0000,0.000,0.000,0.0,0.0,0.0,0.950,,,,,,,,,0.0000,0.000,0.000,0.0,0.0,0.0,0.950,,,,,,,,,0.0000,0.000,0.000,0.0,0.0,0.0
1.000,-6E-5,-6E-6,-6.0E-7,-0.05,-9.7E-4,9.9,0.0,9.9,0.0000,0.000,0.000,0.0,0.0,0.0,1.000,0,-2E-4,-1.9E-5,-0.09,0.0,9.9,-0.1,9.9,0.0000,0.000,0.000,0.0,0.0,0.0,1.000,-4E-5,-4E-6,-3.7E-7,-0.08,0.0,9.9,-0.1,9.9,0.0000,0.000,0.000,0.0,0.0,0.0
1.050,,,,,,,,,0.0000,0.000,0.000,0.0,0.0,0.0,1.050,,,,,,,,,0.0000,0.000,0.000,0.0,0.0,0.0,1.050,,,,,,,,,0.0000,0.000,0.000,0.0,0.0,0.0
1.100,-6E-5,-6E-6,-6.1E-7,-0.05,0.0,9.9,-0.1,9.9,0.0000,0.000,0.000,0.0,0.0,0.0,1.100,0,-2E-4,-1.9E-5,-0.09,0.0,9.9,-0.1,9.9,0.0000,0.000,0.000,0.0,0.0,0.0,1.100,-4E-5,-4E-6,-4.3E-7,-0.09,0.0,9.9,0.0,9.9,0.0000,0.000,0.000,0.0,0.0,0.0
1.150,,,,,,,,,0.0000,0.000,0.000,0.0,0.0,0.0,1.150,,,,,,,,,0.0000,0.000,0.000,0.0,0.0,0.0,1.150,,,,,,,,,0.0000,0.000,0.000,0.0,0.0,0.0
1.200,-6E-5,-6E-6,-6.1E-7,-0.05,0.0,9.9,-0.1,9.9,0.0000,0.000,0.000,0.0,0.0,0.0,1.200,0,-2E-4,-1.9E-5,-0.09,-9.7E-4,9.9,0.0,9.9,0.0000,0.000,0.000,0.0,0.0,0.0,1.200,-4E-5,-4E-6,-4.3E-7,-0.08,0.0,9.9,-0.1,9.9,0.0000,0.000,0.000,0.0,0.0,0.0
1.250,,,,,,,,,0.0000,0.000,0.000,0.0,0.0,0.0,1.250,,,,,,,,,0.0000,0.000,0.000,0.0,0.0,0.0,1.250,,,,,,,,,0.0000,0.000,0.000,0.0,0.0,0.0
1.300,-6E-5,-6E-6,-6.2E-7,-0.04,0.0,9.9,-0.1,9.9,0.0000,0.000,0.000,0.0,0.0,0.0,1.300,0,-2E-4,-1.9E-5,-0.09,0.0,9.9,-0.1,9.9,0.0000,0.000,0.000,0.0,0.0,0.0,1.300,-4E-5,-4E-6,-4.3E-7,-0.09,0.0,9.9,-0.1,9.9,0.0000,0.000,0.000,0.0,0.0,0.0
1.350,,,,,,,,,0.0000,0.000,0.000,0.0,0.0,0.0,1.350,,,,,,,,,0.0000,0.000,0.000,0.0,0.0,0.0,1.350,,,,,,,,,0.0000,0.000,0.000,0.0,0.0,0.0
1.400,-6E-5,-6E-6,-6.2E-7,-0.06,0.0,9.9,-0.1,9.9,0.0000,0.000,0.000,0.0,0.0,0.0,1.400,0,-2E-4,-1.9E-5,-0.09,0.0,9.9,-0.1,9.9,0.0000,0.000,0.000,0.0,0.0,0.0,1.400,-4E-5,-4E-6,-4.0E-7,-0.09,0.0,9.9,-0.1,9.9,0.0000,0.000,0.000,0.0,0.0,0.0
1.450,,,,,,,,,0.0000,0.000,0.000,0.0,0.0,0.0,1.450,,,,,,,,,0.0000,0.000,0.000,0.0,0.0,0.0,1.450,,,,,,,,,0.0000,0.000,0.000,0.0,0.0,0.0
1.500,-6E-5,-6E-6,-6.3E-7,-0.05,0.0,9.9,-0.1,9.9,0.0000,0.000,0.000,0.0,0.0,0.0,1.500,0,-2E-4,-1.9E-5,-0.09,-9.7E-4,9.9,-0.1,9.9,0.0000,0.000,0.000,0.0,0.0,0.0,1.500,-4E-5,-4E-6,-3.9E-7,-0.09,0.0,9.9,-0.1,9.9,0.0000,0.000,0.000,0.0,0.0,0.0
1.550,,,,,,,,,0.0000,0.000,0.000,0.0,0.0,0.0,1.550,,,,,,,,,0.0000,0.000,0.000,0.0,0.0,0.0,1.550,,,,,,,,,0.0000,0.000,0.000,0.0,0.0,0.0
1.600,-6E-5,-6E-6,-6.4E-7,-0.05,0.0,9.9,0.0,9.9,0.0000,0.000,0.000,0.0,0.0,0.0,1.600,0,-2E-4,-1.9E-5,-0.09,0.0,9.9,-0.1,9.9,0.0000,0.000,0.000,0.0,0.0,0.0,1.600,-4E-5,-4E-6,-4.0E-7,-0.09,0.0,10.0,-0.1,10.0,0.0000,0.000,0.000,0.0,0.0,0.0
1.650,,,,,,,,,0.0000,0.000,0.000,0.0,0.0,0.0,1.650,,,,,,,,,0.0000,0.000,0.000,0.0,0.0,0.0,1.650,,,,,,,,,0.0000,0.000,0.000,0.0,0.0,0.0
1.700,-7E-5,-7E-6,-6.6E-7,-0.05,0.0,9.9,-0.1,9.9,0.0000,0.000,0.000,0.0,0.0,0.0,1.700,0,-2E-4,-1.9E-5,-0.09,0.0,9.9,-0.1,9.9,0.0000,0.000,0.000,0.0,0.0,0.0,1.700,-4E-5,-4E-6,-3.9E-7,-0.08,0.0,9.9,-0.1,9.9,0.0000,0.000,0.000,0.0,0.0,0.0
1.750,,,,,,,,,0.0000,0.000,0.000,0.0,0.0,0.0,1.750,,,,,,,,,0.0000,0.000,0.000,0.0,0.0,0.0,1.750,,,,,,,,,0.0000,0.000,0.000,0.0,0.0,0.0
1.800,-7E-5,-7E-6,-6.8E-7,-0.05,0.0,9.9,-0.1,9.9,0.0000,0.000,0.000,0.0,0.0,0.0,1.800,0,-2E-4,-1.9E-5,-0.08,0.0,9.9,-0.1,9.9,0.0000,0.000,0.000,0.0,0.0,0.0,1.800,-4E-5,-4E-6,-3.9E-7,-0.09,0.0,9.9,-0.1,9.9,0.0000,0.000,0.000,0.0,0.0,0.0
1.850,,,,,,,,,0.0000,0.000,0.000,0.0,0.0,0.0,1.850,,,,,,,,,0.0000,0.000,0.000,0.0,0.0,0.0,1.850,,,,,,,,,0.0000,0.000,0.000,0.0,0.0,0.0
1.900,-7E-5,-7E-6,-6.9E-7,-0.05,0.0,10.0,-0.1,10.0,0.0000,0.000,0.000,0.0,0.0,0.0,1.900,0,-2E-4,-1.9E-5,-0.09,0.0,9.9,-0.1,9.9,0.0000,0.000,0.000,0.0,0.0,0.0,1.900,-4E-5,-4E-6,-3.8E-7,-0.09,0.0,9.9,-0.1,9.9,0.0000,0.000,0.000,0.0,0.0,0.0
1.950,,,,,,,,,0.0000,0.000,0.000,0.0,0.0,0.0,1.950,,,,,,,,,0.0000,0.000,0.000,0.0,0.0,0.0,1.950,,,,,,,,,0.0000,0.000,0.000,0.0,0.0,0.0
2.000,-7E-5,-7E-6,-6.9E-7,-0.06,-9.7E-4,9.9,-0.1,9.9,0.0000,0.000,0.000,0.0,0.0,0.0,2.000,0,-2E-4,-1.9E-5,-0.09,0.0,9.9,-0.1,9.9,0.0000,0.000,0.000,0.0,0.0,0.0,2.000,-4E-5,-4E-6,-3.8E-7,-0.09,0.0,9.9,0.0,9.9,0.0000,0.000,0.000,0.0,0.0,0.0
2.050,,,,,,,,,0.0000,0.000,0.000,0.0,0.0,0.0,2.050,,,,,,,,,0.0000,0.000,0.000,0.0,0.0,0.0,2.050,,,,,,,,,0.0000,0.000,0.000,0.0,0.0,0.0
2.100,-7E-5,-7E-6,-6.9E-7,-0.05,0.0,9.9,-0.1,9.9,0.0000,0.000,0.000,0.0,0.0,0.0,2.100,0,-2E-4,-1.9E-5,-0.09,0.0,9.9,-0.1,9.9,0.0000,0.000,0.000,0.0,0.0,0.0,2.100,-4E-5,-4E-6,-3.9E-7,-0.09,-0.1,10.0,-0.1,10.0,0.0000,0.000,0.000,0.0,0.0,0.0
2.150,,,,,,,,,0.0000,0.000,0.000,0.0,0.0,0.0,2.150,,,,,,,,,0.0000,0.000,0.000,0.0,0.0,0.0,2.150,,,,,,,,,0.0000,0.000,0.000,0.0,0.0,0.0
2.200,-7E-5,-7E-6,-6.9E-7,-0.07,0.0,9.9,-0.1,9.9,0.0000,0.000,0.000,0.0,0.0,0.0,2.200,0,-2E-4,-1.9E-5,-0.09,0.0,10.0,-0.1,10.0,0.0000,0.000,0.000,0.0,0.0,0.0,2.200,-4E-5,-4E-6,-3.8E-7,-0.09,0.0,10.0,-0.1,10.0,0.0000,0.000,0.000,0.0,0.0,0.0
2.250,,,,,,,,,0.0000,0.000,0.000,0.0,0.0,0.0,2.250,,,,,,,,,0.0000,0.000,0.000,0.0,0.0,0.0,2.250,,,,,,,,,0.0000,0.000,0.000,0.0,0.0,0.0
2.300,-7E-5,-7E-6,-6.9E-7,-0.05,0.0,9.9,-0.1,9.9,0.0000,0.000,0.000,0.0,0.0,0.0,2.300,0,-2E-4,-1.9E-5,-0.08,-9.7E-4,9.9,-0.1,9.9,0.0000,0.000,0.000,0.0,0.0,0.0,2.300,-4E-5,-4E-6,-4.0E-7,-0.09,0.0,9.9,-0.1,9.9,0.0000,0.000,0.000,0.0,0.0,0.0
2.350,,,,,,,,,0.0000,0.000,0.000,0.0,0.0,0.0,2.350,,,,,,,,,0.0000,0.000,,0.0,0.0,0.0,2.350,,,,,,,,,0.0000,0.000,0.000,0.0,0.0,0.0
2.400,-7E-5,-7E-6,-7.0E-7,-0.05,0.0,9.9,-0.1,9.9,0.0000,0.000,0.000,0.0,0.0,0.0,2.400,,,,-0.09,0.0,9.9,-0.1,9.9,0.0000,0.000,,0.0,0.0,0.0,2.400,-4E-5,-4E-6,-4.4E-7,-0.09,-9.7E-4,9.9,-0.1,9.9,0.0000,0.000,0.000,0.0,0.0,0.0
2.450,,,,,,,,,0.0000,0.000,0.000,0.0,0.0,0.0,2.450,,,,,,,,,0.0000,,,0.0,0.0,0.0,2.450,,,,,,,,,0.0000,0.000,0.000,0.0,0.0,0.0
2.500,-7E-5,-7E-6,-7.0E-7,-0.05,0.0,9.9,0.0,9.9,0.0000,0.000,0.000,0.0,0.0,0.0,,,,,,,,,,,,,,,,2.500,-4E-5,-4E-6,-3.9E-7,-0.09,0.0,9.9,-0.1,9.9,0.0000,0.000,0.000,0.0,0.0,0.0
2.550,,,,,,,,,0.0000,0.000,-0.005,0.0,0.0,0.0,,,,,,,,,,,,,,,,2.550,,,,,,,,,0.0000,0.000,0.000,0.0,0.0,0.0
2.600,-7E-5,-7E-6,-7.1E-7,-0.14,0.0,10.0,0.0,10.0,0.0000,0.000,-0.031,0.0,0.0,0.0,,,,,,,,,,,,,,,,2.600,-4E-5,-4E-6,-3.9E-7,-0.09,0.0,9.9,-0.1,9.9,0.0000,0.000,0.000,0.0,0.0,0.0
2.650,,,,,,,,,0.0000,-0.002,-0.082,0.0,0.0,0.0,,,,,,,,,,,,,,,,2.650,,,,,,,,,0.0000,0.000,0.000,0.0,0.0,0.0
2.700,-7E-5,-7E-6,-7.1E-7,-0.05,-0.2,10.0,-0.1,10.0,0.0000,-0.008,-0.127,0.0,0.0,0.0,,,,,,,,,,,,,,,,2.700,-4E-5,-4E-6,-4.1E-7,-0.09,0.0,9.9,-0.1,9.9,0.0000,0.000,0.000,0.0,0.0,0.0
2.750,,,,,,,,,-4.8505E-4,-0.017,-0.116,0.0,0.0,0.0,,,,,,,,,,,,,,,,2.750,,,,,,,,,0.0000,0.000,0.000,0.0,0.0,0.0
2.800,-7E-5,-7E-6,-7.1E-7,-0.05,-0.1,9.9,-0.1,9.9,-0.0018,-0.023,-0.047,0.0,0.0,0.0,,,,,,,,,,,,,,,,2.800,-4E-5,-4E-6,-4.1E-7,-0.09,0.0,9.9,-0.1,9.9,0.0000,0.000,0.000,0.0,0.0,0.0
2.850,,,,,,,,,-0.0033,-0.021,0.019,0.0,0.0,0.0,,,,,,,,,,,,,,,,2.850,,,,,,,,,0.0000,0.000,0.000,0.0,0.0,0.0
2.900,-7E-5,-7E-6,-7.4E-7,-0.05,-9.7E-4,10.0,-0.1,10.0,-0.0040,-0.017,0.030,0.0,0.0,0.0,,,,,,,,,,,,,,,,2.900,-4E-5,-4E-6,-4.4E-7,-0.09,0.0,9.9,-0.1,9.9,0.0000,0.000,0.000,0.0,0.0,0.0
2.950,,,,,,,,,-0.0047,-0.017,0.003,0.0,0.0,0.0,,,,,,,,,,,,,,,,2.950,,,,,,,,,0.0000,0.000,0.000,0.0,0.0,0.0
3.000,-7E-5,-7E-6,-7.5E-7,-0.05,-0.2,10.0,-0.1,10.0,-0.0056,-0.019,-0.009,0.0,0.0,0.0,,,,,,,,,,,,,,,,3.000,-4E-5,-4E-6,-4.1E-7,-0.09,0.0,10.0,-0.1,10.0,0.0000,0.000,0.000,0.0,0.0,0.0
3.050,,,,,,,,,-0.0067,-0.019,0.009,0.0,0.0,0.0,,,,,,,,,,,,,,,,3.050,,,,,,,,,0.0000,0.000,0.000,0.0,0.0,0.0
3.100,-7E-5,-7E-6,-7.5E-7,-0.05,0.0,10.0,-0.1,10.0,-0.0076,-0.017,0.016,0.0,0.0,0.0,,,,,,,,,,,,,,,,3.100,-4E-5,-4E-6,-3.9E-7,-0.08,0.0,9.9,-0.1,9.9,0.0000,0.000,0.000,0.0,0.0,0.0
3.150,,,,,,,,,-0.0085,-0.015,-0.035,0.0,0.0,0.0,,,,,,,,,,,,,,,,3.150,,,,,,,,,0.0000,0.000,0.000,0.0,0.0,0.0
3.200,-8E-5,-8E-6,-7.7E-7,-0.04,-0.1,10.0,-0.1,10.0,-0.0090,-0.018,-0.129,0.0,0.0,0.0,,,,,,,,,,,,,,,,3.200,-4E-5,-4E-6,-4.0E-7,-0.09,-9.7E-4,9.9,-0.1,9.9,0.0000,0.000,0.000,0.0,0.0,0.0
3.250,,,,,,,,,-0.0098,-0.029,-0.194,0.0,0.0,0.0,,,,,,,,,,,,,,,,3.250,,,,,,,,,0.0000,0.000,0.000,0.0,0.0,0.0
3.300,-8E-5,-8E-6,-7.8E-7,-0.04,-0.4,9.9,-0.1,9.9,-0.0118,-0.042,-0.177,0.0,0.0,0.0,,,,,,,,,,,,,,,,3.300,-4E-5,-4E-6,-4.1E-7,-0.09,0.0,9.9,-0.1,9.9,0.0000,0.000,0.000,0.0,0.0,0.0
3.350,,,,,,,,,-0.0144,-0.049,-0.106,0.0,0.0,0.0,,,,,,,,,,,,,,,,3.350,,,,,,,,,0.0000,0.000,0.000,0.0,0.0,0.0
3.400,-8E-5,-8E-6,-8.1E-7,-0.05,0.1,9.9,-0.1,9.9,-0.0170,-0.051,-0.044,0.0,0.0,0.0,,,,,,,,,,,,,,,,3.400,-4E-5,-4E-6,-3.9E-7,-0.08,0.0,9.9,-0.1,9.9,0.0000,0.000,0.000,0.0,0.0,0.0
3.450,,,,,,,,,-0.0194,-0.052,-0.007,0.0,0.0,0.0,,,,,,,,,,,,,,,,3.450,,,,,,,,,0.0000,0.000,0.000,0.0,0.0,0.0
3.500,-8E-5,-8E-6,-8.1E-7,-0.05,-0.2,9.9,-0.1,9.9,-0.0221,-0.053,0.024,0.0,0.0,0.0,,,,,,,,,,,,,,,,3.500,-4E-5,-4E-6,-4.1E-7,-0.09,0.0,9.9,0.0,9.9,0.0000,0.000,0.000,0.0,0.0,0.0
3.550,,,,,,,,,-0.0250,-0.050,0.044,0.0,0.0,0.0,,,,,,,,,,,,,,,,3.550,,,,,,,,,0.0000,0.000,0.000,0.0,0.0,0.0
3.600,-8E-5,-8E-6,-8.1E-7,-0.05,0.1,10.0,-0.1,10.0,-0.0272,-0.046,0.034,0.0,0.0,0.0,,,,,,,,,,,,,,,,3.600,-4E-5,-4E-6,-4.4E-7,-0.09,0.0,9.9,-0.1,9.9,0.0000,0.000,0.000,0.0,0.0,0.0
3.650,,,,,,,,,-0.0292,-0.045,0.004,0.0,0.0,0.0,,,,,,,,,,,,,,,,3.650,,,,,,,,,0.0000,0.000,0.000,0.0,0.0,0.0
3.700,-8E-5,-8E-6,-8.4E-7,-0.05,0.0,9.9,-0.1,9.9,-0.0316,-0.047,-0.020,0.0,0.0,0.0,,,,,,,,,,,,,,,,3.700,-5E-5,-5E-6,-4.5E-7,-0.09,0.0,9.9,0.0,9.9,0.0000,0.000,0.000,0.0,0.0,0.0
3.750,,,,,,,,,-0.0341,-0.048,-0.039,0.0,0.0,0.0,,,,,,,,,,,,,,,,3.750,,,,,,,,,0.0000,0.000,0.000,0.0,0.0,0.0
3.800,-9E-5,-9E-6,-8.8E-7,-0.05,-0.1,9.9,-0.1,9.9,-0.0364,-0.050,-0.057,0.0,0.0,0.0,,,,,,,,,,,,,,,,3.800,-4E-5,-4E-6,-4.5E-7,-0.09,0.0,9.9,-0.1,9.9,0.0000,0.000,0.000,0.0,0.0,0.0
3.850,,,,,,,,,-0.0388,-0.054,-0.059,0.1,0.0,0.0,,,,,,,,,,,,,,,,3.850,,,,,,,,,0.0000,0.000,0.000,0.0,0.0,0.0
3.900,-9E-5,-9E-6,-9.3E-7,-0.05,0.1,10.0,-0.1,10.0,-0.0418,-0.057,-0.035,0.0,0.0,0.0,,,,,,,,,,,,,,,,3.900,-4E-5,-4E-6,-4.1E-7,-0.09,0.0,9.9,-0.1,9.9,0.0000,0.000,0.000,0.0,0.0,0.0
3.950,,,,,,,,,-0.0449,-0.058,-0.001,0.0,0.0,0.0,,,,,,,,,,,,,,,,3.950,,,,,,,,,0.0000,0.000,0.000,0.0,0.0,0.0
4.000,-1E-4,-1E-5,-1.0E-6,-0.04,-0.2,10.0,-0.1,10.0,-0.0475,-0.057,0.022,0.0,0.0,0.0,,,,,,,,,,,,,,,,4.000,-4E-5,-4E-6,-3.6E-7,-0.09,0.0,9.9,-0.1,9.9,0.0000,0.000,0.000,0.0,0.0,0.0
4.050,,,,,,,,,-0.0504,-0.055,0.035,0.0,0.0,0.0,,,,,,,,,,,,,,,,4.050,,,,,,,,,0.0000,0.000,0.000,0.0,0.0,0.0
4.100,-1E-4,-1E-5,-1.0E-6,-0.05,0.2,10.0,-0.1,10.0,-0.0532,-0.053,0.040,0.0,0.0,0.0,,,,,,,,,,,,,,,,4.100,-3E-5,-3E-6,-3.1E-7,-0.09,0.0,9.9,-0.1,9.9,0.0000,0.000,0.000,0.0,0.0,0.0
4.150,,,,,,,,,-0.0558,-0.051,0.035,0.0,0.0,0.0,,,,,,,,,,,,,,,,4.150,,,,,,,,,0.0000,0.000,0.000,0.0,0.0,0.0
4.200,-1E-4,-1E-5,-1.0E-6,-0.05,0.0,10.0,-0.1,10.0,-0.0582,-0.049,0.026,0.0,0.0,0.0,,,,,,,,,,,,,,,,4.200,-3E-5,-3E-6,-2.5E-7,-0.09,0.0,9.9,-0.1,9.9,0.0000,0.000,0.000,0.0,0.0,0.0
4.250,,,,,,,,,-0.0606,-0.049,0.022,0.0,0.0,0.0,,,,,,,,,,,,,,,,4.250,,,,,,,,,0.0000,0.000,0.000,0.0,0.0,0.0
4.300,-1E-4,-1E-5,-1.1E-6,-0.05,0.1,9.9,-0.1,9.9,-0.0632,-0.047,0.016,0.0,0.0,0.0,,,,,,,,,,,,,,,,4.300,-3E-5,-3E-6,-2.9E-7,-0.08,0.0,9.9,-0.1,9.9,0.0000,0.000,0.000,0.0,0.0,0.0
4.350,,,,,,,,,-0.0655,-0.046,-0.004,0.0,0.0,0.0,,,,,,,,,,,,,,,,4.350,,,,,,,,,0.0000,0.000,0.000,0.0,0.0,0.0
4.400,-1E-4,-1E-5,-1.2E-6,-0.05,-0.3,9.9,-0.1,9.9,-0.0675,-0.047,-0.030,0.0,0.0,0.0,,,,,,,,,,,,,,,,4.400,-4E-5,-4E-6,-3.8E-7,-0.08,0.0,9.9,-0.1,9.9,0.0000,0.000,0.000,0.0,0.0,0.0
4.450,,,,,,,,,-0.0701,-0.050,-0.038,0.0,0.0,0.0,,,,,,,,,,,,,,,,4.450,,,,,,,,,0.0000,0.000,0.000,0.0,0.0,0.0
4.500,-1E-4,-1E-5,-1.3E-6,-0.05,0.0,10.0,-0.1,10.0,-0.0728,-0.052,-0.026,0.0,0.0,0.0,,,,,,,,,,,,,,,,4.500,-4E-5,-4E-6,-4.3E-7,-0.08,0.0,9.9,-0.1,9.9,0.0000,0.000,0.000,0.0,0.0,0.0
4.550,,,,,,,,,-0.0753,-0.053,-0.011,0.0,0.0,0.0,,,,,,,,,,,,,,,,4.550,,,,,,,,,0.0000,0.000,0.000,0.0,0.0,0.0
4.600,-1E-4,-1E-5,-1.3E-6,-0.05,-0.1,10.0,-0.1,10.0,-0.0780,-0.053,-0.008,0.0,0.0,0.0,,,,,,,,,,,,,,,,4.600,-4E-5,-4E-6,-4.1E-7,-0.09,-9.7E-4,9.9,-0.1,9.9,0.0000,0.000,0.000,0.0,0.0,0.0
4.650,,,,,,,,,-0.0806,-0.053,-0.018,0.0,0.0,0.0,,,,,,,,,,,,,,,,4.650,,,,,,,,,0.0000,0.000,0.000,0.0,0.0,0.0
4.700,-1E-4,-1E-5,-1.5E-6,-0.05,-0.1,9.9,-0.1,9.9,-0.0832,-0.054,-0.031,0.0,0.0,0.0,,,,,,,,,,,,,,,,4.700,-2E-5,-2E-6,-2.4E-7,-0.08,0.0,9.9,-0.1,9.9,0.0000,0.000,0.000,0.0,0.0,0.0
4.750,,,,,,,,,-0.0860,-0.056,-0.034,0.0,0.0,0.0,,,,,,,,,,,,,,,,4.750,,,,,,,,,0.0000,0.000,0.000,0.0,0.0,0.0
4.800,-2E-4,-2E-5,-1.6E-6,-0.05,0.1,10.0,-0.1,10.0,-0.0889,-0.059,-0.008,0.0,0.0,0.0,,,,,,,,,,,,,,,,4.800,-1E-5,-1E-6,-1.3E-7,-0.09,0.0,9.9,-0.1,9.9,0.0000,0.000,0.000,0.0,0.0,0.0
4.850,,,,,,,,,-0.0918,-0.059,0.043,0.0,0.0,0.0,,,,,,,,,,,,,,,,4.850,,,,,,,,,0.0000,0.000,0.000,0.0,0.0,0.0
4.900,-2E-4,-2E-5,-1.7E-6,-0.05,0.2,10.0,-0.1,10.0,-0.0949,-0.054,0.085,0.0,0.0,0.0,,,,,,,,,,,,,,,,4.900,-2E-5,-2E-6,-1.5E-7,-0.08,0.0,9.9,-0.1,9.9,0.0000,0.000,0.000,0.0,0.0,0.0
4.950,,,,,,,,,-0.0975,-0.048,0.078,0.0,0.0,0.0,,,,,,,,,,,,,,,,4.950,,,,,,,,,0.0000,0.000,0.000,0.0,0.0,0.0
5.000,-2E-4,-2E-5,-1.8E-6,-0.04,0.0,10.0,-0.1,10.0,-0.0994,-0.044,0.031,0.0,0.0,0.0,,,,,,,,,,,,,,,,5.000,-2E-5,-2E-6,-2.3E-7,-0.09,0.0,9.9,-0.1,9.9,0.0000,0.000,0.000,0.0,0.0,0.0
5.050,,,,,,,,,-0.1016,-0.045,-0.013,0.0,0.0,0.0,,,,,,,,,,,,,,,,5.050,,,,,,,,,0.0000,0.000,0.000,0.0,0.0,0.0
5.100,-2E-4,-2E-5,-2.0E-6,-0.04,0.0,9.9,-0.1,9.9,-0.1040,-0.047,-0.027,0.0,0.0,0.0,,,,,,,,,,,,,,,,5.100,-3E-5,-3E-6,-2.8E-7,-0.09,0.0,9.9,-0.1,9.9,0.0000,0.000,0.000,0.0,0.0,0.0
5.150,,,,,,,,,-0.1065,-0.049,-0.013,0.0,0.0,0.0,,,,,,,,,,,,,,,,5.150,,,,,,,,,0.0000,0.000,0.000,0.0,0.0,0.0
5.200,-2E-4,-2E-5,-2.3E-6,-0.04,-0.2,9.9,-0.1,9.9,-0.1088,-0.049,0.009,0.0,0.0,0.0,,,,,,,,,,,,,,,,5.200,-3E-5,-3E-6,-3.3E-7,-0.09,0.0,9.9,-0.1,9.9,0.0000,0.000,0.000,0.0,0.0,0.0
5.250,,,,,,,,,-0.1114,-0.048,0.031,0.0,0.0,0.0,,,,,,,,,,,,,,,,5.250,,,,,,,,,0.0000,0.000,0.000,0.0,0.0,0.0
5.300,-2E-4,-2E-5,-2.5E-6,-0.05,0.1,9.9,-0.1,9.9,-0.1137,-0.045,0.042,0.0,0.0,0.0,,,,,,,,,,,,,,,,5.300,-4E-5,-4E-6,-3.6E-7,-0.09,0.0,9.9,-0.1,9.9,0.0000,0.000,0.000,0.0,0.0,0.0
5.350,,,,,,,,,-0.1158,-0.043,0.040,0.0,0.0,0.0,,,,,,,,,,,,,,,,5.350,,,,,,,,,0.0000,0.000,0.000,0.0,0.0,0.0
5.400,-3E-4,-3E-5,-2.7E-6,-0.05,0.1,9.9,-0.1,9.9,-0.1180,-0.041,0.035,0.0,0.0,0.0,,,,,,,,,,,,,,,,5.400,-3E-5,-3E-6,-3.4E-7,-0.09,0.0,9.9,-0.1,9.9,0.0000,0.000,0.000,0.0,0.0,0.0
5.450,,,,,,,,,-0.1200,-0.040,0.030,0.0,0.0,0.0,,,,,,,,,,,,,,,,5.450,,,,,,,,,0.0000,0.000,0.000,0.0,0.0,0.0
5.500,-3E-4,-3E-5,-3.0E-6,-0.05,-0.1,10.0,-0.1,10.0,-0.1219,-0.038,0.020,0.0,0.0,0.0,,,,,,,,,,,,,,,,5.500,-3E-5,-3E-6,-2.8E-7,-0.09,0.0,9.9,-0.1,9.9,0.0000,0.000,0.000,0.0,0.0,0.0
5.550,,,,,,,,,-0.1238,-0.037,0.005,0.0,0.0,0.0,,,,,,,,,,,,,,,,5.550,,,,,,,,,0.0000,0.000,0.000,0.0,0.0,0.0
5.600,-3E-4,-3E-5,-3.4E-6,-0.05,0.0,9.9,-0.1,9.9,-0.1256,-0.038,-0.008,0.0,0.0,0.0,,,,,,,,,,,,,,,,5.600,-2E-5,-2E-6,-1.8E-7,-0.09,0.0,9.9,-0.1,9.9,0.0000,0.000,0.000,0.0,0.0,0.0
5.650,,,,,,,,,-0.1274,-0.038,-0.016,0.0,0.0,0.0,,,,,,,,,,,,,,,,5.650,,,,,,,,,0.0000,0.000,0.000,0.0,0.0,0.0
5.700,-4E-4,-4E-5,-3.8E-6,-0.05,0.0,9.9,-0.1,9.9,-0.1295,-0.039,-0.019,0.0,0.0,0.0,,,,,,,,,,,,,,,,5.700,6E-6,6E-7,6.2E-8,-0.09,0.0,9.9,-0.1,9.9,0.0000,0.000,0.000,0.0,0.0,0.0
5.750,,,,,,,,,-0.1314,-0.040,-0.018,0.0,0.0,0.0,,,,,,,,,,,,,,,,5.750,,,,,,,,,0.0000,0.000,0.000,0.0,0.0,0.0
5.800,-4E-4,-4E-5,-4.2E-6,-0.04,-0.2,9.9,-0.1,9.9,-0.1334,-0.041,-0.012,0.0,0.0,0.0,,,,,,,,,,,,,,,,5.800,2E-5,2E-6,2.2E-7,-0.09,0.0,9.9,-0.1,9.9,0.0000,0.000,0.000,0.0,0.0,0.0
5.850,,,,,,,,,-0.1357,-0.042,2.498E-15,0.0,0.0,0.0,,,,,,,,,,,,,,,,5.850,,,,,,,,,0.0000,0.000,0.000,0.0,0.0,0.0
5.900,-5E-4,-5E-5,-4.9E-6,-0.05,0.1,9.9,-0.1,9.9,-0.1376,-0.042,0.015,0.0,0.0,0.0,,,,,,,,,,,,,,,,5.900,4E-5,4E-6,4.3E-7,-0.09,0.0,9.9,-0.1,9.9,0.0000,0.000,0.000,0.0,0.0,0.0
5.950,,,,,,,,,-0.1397,-0.040,0.024,0.0,0.0,0.0,,,,,,,,,,,,,,,,5.950,,,,,,,,,0.0000,0.000,0.000,0.0,0.0,0.0
6.000,-6E-4,-6E-5,-5.6E-6,-0.05,0.3,9.9,-0.1,10.0,-0.1419,-0.038,0.019,0.0,0.0,0.0,,,,,,,,,,,,,,,,6.000,6E-5,6E-6,5.9E-7,-0.09,0.0,9.9,-0.1,9.9,0.0000,0.000,0.000,0.0,0.0,0.0
6.050,,,,,,,,,-0.1435,-0.038,0.003,0.0,0.0,0.0,,,,,,,,,,,,,,,,6.050,,,,,,,,,0.0000,0.000,0.000,0.0,0.0,0.0
6.100,-7E-4,-7E-5,-6.5E-6,-0.05,-0.1,10.0,-0.1,10.0,-0.1454,-0.038,-0.007,0.0,0.0,0.0,,,,,,,,,,,,,,,,6.100,8E-5,8E-6,8.5E-7,-0.09,0.0,9.9,-0.1,9.9,0.0000,0.000,0.000,0.0,0.0,0.0
6.150,,,,,,,,,-0.1475,-0.039,-0.004,0.0,0.0,0.0,,,,,,,,,,,,,,,,6.150,,,,,,,,,0.0000,0.000,0.000,0.0,0.0,0.0
6.200,-8E-4,-8E-5,-7.6E-6,-0.05,0.0,10.0,-0.1,10.0,-0.1494,-0.039,0.005,0.0,0.0,0.0,,,,,,,,,,,,,,,,6.200,1E-4,1E-5,1.0E-6,-0.09,0.0,9.9,-0.1,9.9,0.0000,0.000,0.000,0.0,0.0,0.0
6.250,,,,,,,,,-0.1512,-0.038,0.015,0.0,0.0,0.0,,,,,,,,,,,,,,,,6.250,,,,,,,,,0.0000,0.000,0.000,0.0,0.0,0.0
6.300,-9E-4,-9E-5,-9.0E-6,-0.05,0.1,10.0,-0.1,10.0,-0.1533,-0.038,0.024,0.0,0.0,0.0,,,,,,,,,,,,,,,,6.300,1E-4,1E-5,1.1E-6,-0.08,0.0,9.9,-0.1,9.9,0.0000,0.000,0.000,0.0,0.0,0.0
6.350,,,,,,,,,-0.1551,-0.036,0.036,0.0,0.0,0.0,,,,,,,,,,,,,,,,6.350,,,,,,,,,0.0000,0.000,0.000,0.0,0.0,0.0
6.400,0,-1E-4,-1.1E-5,-0.05,0.0,10.0,-0.1,10.0,-0.1568,-0.034,0.051,0.0,0.0,0.0,,,,,,,,,,,,,,,,6.400,1E-4,1E-5,1.1E-6,-0.09,-9.7E-4,9.9,-0.1,9.9,0.0000,0.000,0.000,0.0,0.0,0.0
6.450,,,,,,,,,-0.1585,-0.031,0.065,0.0,0.0,0.0,,,,,,,,,,,,,,,,6.450,,,,,,,,,0.0000,0.000,0.000,0.0,0.0,0.0
6.500,0,-1E-4,-1.2E-5,-0.05,0.2,10.0,-0.1,10.0,-0.1601,-0.027,0.063,0.0,0.0,0.0,,,,,,,,,,,,,,,,6.500,1E-4,1E-5,1.1E-6,-0.09,0.0,9.9,-0.1,9.9,0.0000,0.000,0.000,0.0,0.0,0.0
6.550,,,,,,,,,-0.1612,-0.023,0.039,0.0,0.0,0.0,,,,,,,,,,,,,,,,6.550,,,,,,,,,0.0000,0.000,0.000,0.0,0.0,0.0
6.600,0,-1E-4,-1.4E-5,-0.05,0.0,10.0,-0.1,10.0,-0.1622,-0.023,0.009,0.0,0.0,0.0,,,,,,,,,,,,,,,,6.600,1E-4,1E-5,1.1E-6,-0.09,0.0,9.9,-0.1,9.9,0.0000,0.000,0.000,0.0,0.0,0.0
6.650,,,,,,,,,-0.1633,-0.024,1.874E-15,0.0,0.0,0.0,,,,,,,,,,,,,,,,6.650,,,,,,,,,0.0000,0.000,0.000,0.0,0.0,0.0
6.700,0,-2E-4,-1.6E-5,-0.04,0.0,10.0,-0.1,10.0,-0.1647,-0.024,0.012,0.0,0.0,0.0,,,,,,,,,,,,,,,,6.700,1E-4,1E-5,1.1E-6,-0.09,0.0,9.9,-0.1,9.9,0.0000,0.000,0.000,0.0,0.0,0.0
6.750,,,,,,,,,-0.1659,-0.022,0.022,0.0,0.0,0.0,,,,,,,,,,,,,,,,6.750,,,,,,,,,0.0000,0.000,0.000,0.0,0.0,0.0
6.800,0,-2E-4,-1.8E-5,-0.05,-0.1,10.0,-0.1,10.0,-0.1669,-0.021,0.011,0.0,0.0,0.0,,,,,,,,,,,,,,,,6.800,1E-4,1E-5,1.1E-6,-0.09,0.0,9.9,-0.1,9.9,0.0000,0.000,0.000,0.0,0.0,0.0
6.850,,,,,,,,,-0.1678,-0.021,-0.011,0.0,0.0,0.0,,,,,,,,,,,,,,,,6.850,,,,,,,,,0.0000,0.000,0.000,0.0,0.0,0.0
6.900,0,-2E-4,-2.0E-5,-0.05,-0.1,10.0,-0.1,10.0,-0.1689,-0.022,-0.028,0.0,0.0,0.0,,,,,,,,,,,,,,,,6.900,1E-4,1E-5,1.1E-6,-0.09,0.0,9.9,-0.1,9.9,0.0000,0.000,0.000,0.0,0.0,0.0
6.950,,,,,,,,,-0.1700,-0.024,-0.036,0.0,0.0,0.0,,,,,,,,,,,,,,,,6.950,,,,,,,,,0.0000,0.000,0.000,0.0,0.0,0.0
7.000,0,-2E-4,-2.3E-5,-0.05,0.0,10.0,-0.1,10.0,-0.1713,-0.026,-0.039,0.0,0.0,0.0,,,,,,,,,,,,,,,,7.000,1E-4,1E-5,1.1E-6,-0.08,0.0,9.9,-0.1,9.9,0.0000,0.000,0.000,0.0,0.0,0.0
7.050,,,,,,,,,-0.1726,-0.028,-0.035,0.0,0.0,0.0,,,,,,,,,,,,,,,,7.050,,,,,,,,,0.0000,0.000,0.000,0.0,0.0,0.0
7.100,0,-3E-4,-2.9E-5,-0.05,0.1,10.0,-0.1,10.0,-0.1741,-0.030,-0.011,0.0,0.0,0.0,,,,,,,,,,,,,,,,7.100,1E-4,1E-5,1.1E-6,-0.09,0.0,9.9,-0.1,9.9,0.0000,0.000,0.000,0.0,0.0,0.0
7.150,,,,,,,,,-0.1756,-0.030,0.031,0.0,0.0,0.0,,,,,,,,,,,,,,,,7.150,,,,,,,,,0.0000,0.000,0.000,0.0,0.0,0.0
7.200,0,-4E-4,-3.5E-5,-0.05,0.1,9.9,-0.1,9.9,-0.1773,-0.027,0.066,0.0,0.0,0.0,,,,,,,,,,,,,,,,7.200,1E-4,1E-5,1.1E-6,-0.08,0.0,9.9,-0.1,9.9,0.0000,0.000,0.000,0.0,0.0,0.0
7.250,,,,,,,,,-0.1785,-0.022,0.069,0.0,0.0,0.0,,,,,,,,,,,,,,,,7.250,,,,,,,,,0.0000,0.000,0.000,0.0,0.0,0.0
7.300,0,-4E-4,-4.1E-5,-0.05,-0.1,10.0,-0.1,10.0,-0.1792,-0.019,0.047,0.0,0.0,0.0,,,,,,,,,,,,,,,,7.300,-7E-6,-7E-7,-7.0E-8,-0.09,0.0,9.9,-0.1,9.9,0.0000,0.000,0.000,0.0,0.0,0.0
7.350,,,,,,,,,-0.1802,-0.018,0.034,0.0,0.0,0.0,,,,,,,,,,,,,,,,7.350,,,,,,,,,0.0000,0.000,0.000,0.0,0.0,0.0
7.400,0,-5E-4,-4.7E-5,-0.05,0.1,9.9,-0.1,9.9,-0.1812,-0.017,0.035,0.0,0.0,0.0,,,,,,,,,,,,,,,,7.400,-3E-5,-3E-6,-3.3E-7,-0.09,0.0,9.9,-0.1,9.9,0.0000,0.000,0.000,0.0,0.0,0.0
7.450,,,,,,,,,-0.1819,-0.014,0.034,0.0,0.0,0.0,,,,,,,,,,,,,,,,7.450,,,,,,,,,0.0000,0.000,0.000,0.0,0.0,0.0
7.500,0,-5E-4,-5.2E-5,-0.05,0.1,10.0,-0.1,10.0,-0.1825,-0.012,0.020,0.0,0.0,0.0,,,,,,,,,,,,,,,,7.500,-3E-5,-3E-6,-3.4E-7,-0.09,0.0,9.9,-0.1,9.9,0.0000,0.000,0.000,0.0,0.0,0.0
7.550,,,,,,,,,-0.1830,-0.012,0.005,0.0,0.0,0.0,,,,,,,,,,,,,,,,7.550,,,,,,,,,0.0000,0.000,0.000,0.0,0.0,0.0
7.600,0,-6E-4,-5.8E-5,-0.05,-0.1,9.9,-0.1,9.9,-0.1837,-0.012,-0.001,0.0,0.0,0.0,,,,,,,,,,,,,,,,7.600,-4E-5,-4E-6,-3.6E-7,-0.09,0.0,9.9,-0.1,9.9,0.0000,0.000,0.000,0.0,0.0,0.0
7.650,,,,,,,,,-0.1843,-0.012,-0.007,0.0,0.0,0.0,,,,,,,,,,,,,,,,7.650,,,,,,,,,0.0000,0.000,0.000,0.0,0.0,0.0
7.700,0,-6E-4,-6.5E-5,-0.05,-0.1,10.0,-0.1,10.0,-0.1848,-0.013,-0.012,0.0,0.0,0.0,,,,,,,,,,,,,,,,7.700,-4E-5,-4E-6,-3.6E-7,-0.08,-9.7E-4,9.9,-0.1,9.9,0.0000,0.000,0.000,0.0,0.0,0.0
7.750,,,,,,,,,-0.1855,-0.014,-0.013,0.0,0.0,0.0,,,,,,,,,,,,,,,,7.750,,,,,,,,,0.0000,0.000,0.000,0.0,0.0,0.0
7.800,0,-7E-4,-7.4E-5,-0.05,0.0,10.0,-0.1,10.0,-0.1863,-0.014,-0.012,0.0,0.0,0.0,,,,,,,,,,,,,,,,7.800,-3E-5,-3E-6,-3.5E-7,-0.09,-9.7E-4,9.9,-0.1,9.9,0.0000,0.000,0.000,0.0,0.0,0.0
7.850,,,,,,,,,-0.1870,-0.015,-0.011,0.0,0.0,0.0,,,,,,,,,,,,,,,,7.850,,,,,,,,,0.0000,0.000,0.000,0.0,0.0,0.0
7.900,0,-9E-4,-8.6E-5,-0.05,0.0,9.9,-0.1,9.9,-0.1876,-0.015,-0.005,0.0,0.0,0.0,,,,,,,,,,,,,,,,7.900,-4E-5,-4E-6,-3.6E-7,-0.08,0.0,9.9,-0.1,9.9,0.0000,0.000,0.000,0.0,0.0,0.0
7.950,,,,,,,,,-0.1886,-0.016,0.009,0.0,0.0,0.0,,,,,,,,,,,,,,,,7.950,,,,,,,,,0.0000,0.000,0.000,0.0,0.0,0.0
8.000,0,0,-1.0E-4,-0.05,0.1,9.9,-0.1,9.9,-0.1893,-0.015,0.023,0.0,0.0,0.0,,,,,,,,,,,,,,,,8.000,-4E-5,-4E-6,-3.5E-7,-0.08,0.0,9.9,-0.1,9.9,0.0000,0.000,0.000,0.0,0.0,0.0
8.050,,,,,,,,,-0.1900,-0.013,0.023,0.0,0.0,0.0,,,,,,,,,,,,,,,,8.050,,,,,,,,,0.0000,0.000,0.000,0.0,0.0,0.0
8.100,0,0,-1.1E-4,-0.05,0.0,10.0,-0.1,10.0,-0.1905,-0.012,0.011,0.0,0.0,0.0,,,,,,,,,,,,,,,,8.100,-3E-5,-3E-6,-3.5E-7,-0.08,0.0,9.9,-0.1,9.9,0.0000,0.000,0.000,0.0,0.0,0.0
8.150,,,,,,,,,-0.1911,-0.012,2.966E-15,0.0,0.0,0.0,,,,,,,,,,,,,,,,8.150,,,,,,,,,0.0000,0.000,0.000,0.0,0.0,0.0
8.200,0,0,-1.3E-4,-0.05,-9.7E-4,10.0,-0.1,10.0,-0.1917,-0.012,-0.004,0.0,0.0,0.0,,,,,,,,,,,,,,,,8.200,-3E-5,-3E-6,-3.4E-7,-0.08,0.0,9.9,-0.1,9.9,0.0000,0.000,0.000,0.0,0.0,0.0
8.250,,,,,,,,,-0.1923,-0.012,-1.648E-15,0.0,0.0,0.0,,,,,,,,,,,,,,,,8.250,,,,,,,,,0.0000,0.000,0.000,0.0,0.0,0.0
8.300,0,0,-1.5E-4,-0.06,0.0,10.0,-0.1,10.0,-0.1929,-0.013,0.013,0.0,0.0,0.0,,,,,,,,,,,,,,,,8.300,-3E-5,-3E-6,-3.3E-7,-0.08,0.0,9.9,-0.1,9.9,0.0000,0.000,0.000,0.0,0.0,0.0
8.350,,,,,,,,,-0.1935,-0.011,0.030,0.0,0.0,0.0,,,,,,,,,,,,,,,,8.350,,,,,,,,,0.0000,0.000,0.000,0.0,0.0,0.0
8.400,0,0,-1.7E-4,-0.05,0.4,9.9,-0.1,10.0,-0.1943,-0.009,0.038,0.0,0.0,0.0,,,,,,,,,,,,,,,,8.400,-3E-5,-3E-6,-3.3E-7,-0.09,-9.7E-4,9.9,-0.1,9.9,0.0000,0.000,0.000,0.0,0.0,0.0
8.450,,,,,,,,,-0.1944,-0.007,0.030,0.0,0.0,0.0,,,,,,,,,,,,,,,,8.450,,,,,,,,,0.0000,0.000,0.000,0.0,0.0,0.0
8.500,0,0,-1.8E-4,-0.05,0.0,9.9,-0.1,9.9,-0.1947,-0.006,0.016,0.0,0.0,0.0,,,,,,,,,,,,,,,,8.500,-3E-5,-3E-6,-3.3E-7,-0.09,0.0,9.9,-0.1,9.9,0.0000,0.000,0.000,0.0,0.0,0.0
8.550,,,,,,,,,-0.1951,-0.006,0.009,0.0,0.0,0.0,,,,,,,,,,,,,,,,8.550,,,,,,,,,0.0000,0.000,0.000,0.0,0.0,0.0
8.600,0,0,-2.0E-4,-0.05,-0.2,10.0,-0.1,10.0,-0.1952,-0.005,0.013,0.0,0.0,0.0,,,,,,,,,,,,,,,,8.600,-3E-5,-3E-6,-3.3E-7,-0.09,0.0,9.9,-0.1,9.9,0.0000,0.000,0.000,0.0,0.0,0.0
8.650,,,,,,,,,-0.1956,-0.004,0.023,0.0,0.0,0.0,,,,,,,,,,,,,,,,8.650,,,,,,,,,0.0000,0.000,0.000,0.0,0.0,0.0
8.700,0,0,-2.0E-4,-0.05,0.1,9.9,-0.1,9.9,-0.1958,-0.003,0.023,0.0,0.0,0.0,,,,,,,,,,,,,,,,8.700,-3E-5,-3E-6,-3.3E-7,-0.09,0.0,9.9,-0.1,9.9,0.0000,0.000,0.000,0.0,0.0,0.0
8.750,,,,,,,,,-0.1958,-0.001,0.007,0.0,0.0,0.0,,,,,,,,,,,,,,,,8.750,,,,,,,,,0.0000,0.000,0.000,0.0,0.0,0.0
8.800,0,0,-2.1E-4,-0.05,0.0,10.0,-0.1,10.0,-0.1958,-0.002,-0.016,0.0,0.0,0.0,,,,,,,,,,,,,,,,8.800,-3E-5,-3E-6,-3.3E-7,-0.09,0.0,9.9,-0.1,9.9,0.0000,0.000,0.000,0.0,0.0,0.0
8.850,,,,,,,,,-0.1960,-0.004,-0.026,0.0,0.0,0.0,,,,,,,,,,,,,,,,8.850,,,,,,,,,0.0000,0.000,0.000,0.0,0.0,0.0
8.900,0,0,-2.2E-4,-0.05,-0.1,10.0,-0.1,10.0,-0.1962,-0.005,-0.012,0.0,0.0,0.0,,,,,,,,,,,,,,,,8.900,-3E-5,-3E-6,-3.3E-7,-0.08,0.0,9.9,-0.1,9.9,0.0000,0.000,0.000,0.0,0.0,0.0
8.950,,,,,,,,,-0.1966,-0.005,0.012,0.0,0.0,0.0,,,,,,,,,,,,,,,,8.950,,,,,,,,,0.0000,0.000,0.000,0.0,0.0,0.0
9.000,0,0,-2.3E-4,-0.05,0.0,10.0,-0.1,10.0,-0.1968,-0.004,0.026,0.0,0.0,0.0,,,,,,,,,,,,,,,,9.000,-3E-5,-3E-6,-3.4E-7,-0.09,0.0,9.9,-0.1,9.9,0.0000,0.000,0.000,0.0,0.0,0.0
9.050,,,,,,,,,-0.1969,-0.002,0.018,0.0,0.0,0.0,,,,,,,,,,,,,,,,9.050,,,,,,,,,0.0000,0.000,0.000,0.0,0.0,0.0
9.100,0,0,-2.4E-4,-0.05,-0.1,10.0,-0.1,10.0,-0.1969,-0.001,-0.003,0.0,0.0,0.0,,,,,,,,,,,,,,,,9.100,-4E-5,-4E-6,-3.6E-7,-0.09,-9.7E-4,9.9,-0.1,9.9,0.0000,0.000,0.000,0.0,0.0,0.0
9.150,,,,,,,,,-0.1969,-0.002,-0.016,0.0,0.0,0.0,,,,,,,,,,,,,,,,9.150,,,,,,,,,0.0000,0.000,0.000,0.0,0.0,0.0
9.200,0,0,-2.5E-4,-0.04,-9.7E-4,10.0,-0.1,10.0,-0.1972,-0.004,-0.012,0.0,0.0,0.0,,,,,,,,,,,,,,,,9.200,-4E-5,-4E-6,-3.9E-7,-0.09,0.0,9.9,-0.1,9.9,0.0000,0.000,0.000,0.0,0.0,0.0
9.250,,,,,,,,,-0.1974,-0.004,0.001,0.0,0.0,0.0,,,,,,,,,,,,,,,,9.250,,,,,,,,,0.0000,0.000,0.000,0.0,0.0,0.0
9.300,0,0,-2.6E-4,-0.05,-0.1,9.9,-0.1,9.9,-0.1975,-0.003,0.012,0.0,0.0,0.0,,,,,,,,,,,,,,,,9.300,-5E-5,-5E-6,-4.6E-7,-0.09,0.0,9.9,-0.1,9.9,0.0000,0.000,0.000,0.0,0.0,0.0
9.350,,,,,,,,,-0.1978,-0.002,0.016,0.0,0.0,0.0,,,,,,,,,,,,,,,,9.350,,,,,,,,,0.0000,0.000,0.000,0.0,0.0,0.0
9.400,0,0,-2.7E-4,-0.05,-0.1,10.0,-0.1,10.0,-0.1978,-0.002,0.013,0.0,0.0,0.0,,,,,,,,,,,,,,,,9.400,-5E-5,-5E-6,-5.3E-7,-0.09,0.0,9.9,-0.1,9.9,0.0000,0.000,0.000,0.0,0.0,0.0
9.450,,,,,,,,,-0.1979,-8.084E-4,0.007,0.0,0.0,0.0,,,,,,,,,,,,,,,,9.450,,,,,,,,,0.0000,0.000,0.000,0.0,0.0,0.0
9.500,0,0,-2.7E-4,-0.05,0.0,10.0,-0.1,10.0,-0.1979,-8.084E-4,1.921E-15,0.0,0.0,0.0,,,,,,,,,,,,,,,,9.500,-6E-5,-6E-6,-6.1E-7,-0.08,-9.7E-4,9.9,-0.1,9.9,0.0000,0.000,0.000,0.0,0.0,0.0
9.550,,,,,,,,,-0.1979,-0.001,-0.003,0.0,0.0,0.0,,,,,,,,,,,,,,,,9.550,,,,,,,,,0.0000,0.000,0.000,0.0,0.0,0.0
9.600,0,0,-2.7E-4,-0.05,0.0,10.0,-0.1,10.0,-0.1980,-0.001,-0.001,0.0,0.0,0.0,,,,,,,,,,,,,,,,9.600,-7E-5,-7E-6,-7.4E-7,-0.08,0.0,9.9,-0.1,9.9,0.0000,0.000,0.000,0.0,0.0,0.0
9.650,,,,,,,,,-0.1981,-0.001,-0.001,0.0,0.0,0.0,,,,,,,,,,,,,,,,9.650,,,,,,,,,0.0000,0.000,0.000,0.0,0.0,0.0
9.700,0,0,-2.8E-4,-0.05,-0.1,10.0,-0.1,10.0,-0.1980,-0.001,-0.004,0.0,0.0,0.0,,,,,,,,,,,,,,,,9.700,-8E-5,-8E-6,-8.5E-7,-0.09,0.0,9.9,-0.1,9.9,0.0000,0.000,0.000,0.0,0.0,0.0
9.750,,,,,,,,,-0.1983,-0.002,-0.003,0.0,0.0,0.0,,,,,,,,,,,,,,,,9.750,,,,,,,,,0.0000,0.000,0.000,0.0,0.0,0.0
9.800,0,0,-2.8E-4,-0.05,-0.1,10.0,-0.1,10.0,-0.1983,-0.002,0.005,0.0,0.0,0.0,,,,,,,,,,,,,,,,9.800,-9E-5,-9E-6,-9.2E-7,-0.09,0.0,9.9,-0.1,9.9,0.0000,0.000,0.000,0.0,0.0,0.0
9.850,,,,,,,,,-0.1984,-0.001,0.015,0.0,0.0,0.0,,,,,,,,,,,,,,,,9.850,,,,,,,,,0.0000,0.000,0.000,0.0,0.0,0.0
9.900,0,0,-2.9E-4,-0.05,0.1,10.0,-0.1,10.0,-0.1985,-5.551E-16,0.012,0.0,0.0,0.0,,,,,,,,,,,,,,,,9.900,-1E-4,-1E-5,-1.0E-6,-0.09,-9.7E-4,9.9,-0.1,9.9,0.0000,0.000,0.000,0.0,0.0,0.0
9.950,,,,,,,,,-0.1984,8.084E-4,-0.008,0.0,0.0,0.0,,,,,,,,,,,,,,,,9.950,,,,,,,,,0.0000,0.000,0.000,0.0,0.0,0.0
10.000,0,0,-2.9E-4,-0.05,-0.1,10.0,-0.1,10.0,-0.1983,-4.042E-4,-0.031,0.0,0.0,0.0,,,,,,,,,,,,,,,,10.000,-1E-4,-1E-5,-1.1E-6,-0.09,0.0,9.9,-0.1,9.9,0.0000,0.000,0.000,0.0,0.0,0.0
10.050,,,,,,,,,-0.1984,-0.003,-0.036,0.0,0.0,0.0,,,,,,,,,,,,,,,,10.050,,,,,,,,,0.0000,0.000,0.000,0.0,0.0,0.0
10.100,0,0,-3.1E-4,-0.05,-0.1,9.9,-0.1,9.9,-0.1986,-0.005,-0.016,0.0,0.0,0.0,,,,,,,,,,,,,,,,10.100,-1E-4,-1E-5,-1.2E-6,-0.09,0.0,9.9,-0.1,9.9,0.0000,0.000,0.000,0.0,0.0,0.0
10.150,,,,,,,,,-0.1990,-0.005,0.013,0.0,0.0,0.0,,,,,,,,,,,,,,,,10.150,,,,,,,,,0.0000,0.000,0.000,0.0,0.0,0.0
10.200,0,0,-3.3E-4,-0.05,0.1,10.0,-0.1,10.0,-0.1992,-0.003,0.030,0.0,0.0,0.0,,,,,,,,,,,,,,,,10.200,-1E-4,-1E-5,-1.3E-6,-0.09,0.0,9.9,-0.1,9.9,0.0000,0.000,0.000,0.0,0.0,0.0
10.250,,,,,,,,,-0.1994,-0.001,0.023,0.0,0.0,0.0,,,,,,,,,,,,,,,,10.250,,,,,,,,,0.0000,0.000,0.000,0.0,0.0,0.0
10.300,0,0,-3.3E-4,-0.05,0.0,9.9,-0.1,9.9,-0.1992,-4.042E-4,-1.852E-15,0.0,0.0,0.0,,,,,,,,,,,,,,,,10.300,-1E-4,-1E-5,-1.4E-6,-0.09,-9.7E-4,9.9,-0.1,9.9,0.0000,0.000,0.000,0.0,0.0,0.0
10.350,,,,,,,,,-0.1994,-0.001,-0.019,0.0,0.0,0.0,,,,,,,,,,,,,,,,10.350,,,,,,,,,0.0000,0.000,0.000,0.0,0.0,0.0
10.400,0,0,-3.4E-4,-0.05,0.0,10.0,-0.1,10.0,-0.1994,-0.003,-0.020,0.0,0.0,0.0,,,,,,,,,,,,,,,,10.400,-1E-4,-1E-5,-1.4E-6,-0.09,0.0,9.9,-0.1,9.9,0.0000,0.000,0.000,0.0,0.0,0.0
10.450,,,,,,,,,-0.1996,-0.004,-0.005,0.0,0.0,0.0,,,,,,,,,,,,,,,,10.450,,,,,,,,,0.0000,0.000,0.000,0.0,0.0,0.0
10.500,0,0,-3.6E-4,-0.05,0.1,10.0,-0.1,10.0,-0.2000,-0.004,0.011,0.0,0.0,0.0,,,,,,,,,,,,,,,,10.500,-1E-4,-1E-5,-1.4E-6,-0.09,-9.7E-4,9.9,-0.1,9.9,0.0000,0.000,0.000,0.0,0.0,0.0
10.550,,,,,,,,,-0.2000,-0.002,0.015,0.0,0.0,0.0,,,,,,,,,,,,,,,,10.550,,,,,,,,,0.0000,0.000,0.000,0.0,0.0,0.0
10.600,0,0,-3.7E-4,-0.05,0.0,10.0,-0.1,10.0,-0.2001,-0.002,0.011,0.0,0.0,0.0,,,,,,,,,,,,,,,,10.600,-1E-4,-1E-5,-1.4E-6,-0.09,0.0,9.9,-0.1,9.9,0.0000,0.000,0.000,0.0,0.0,0.0
10.650,,,,,,,,,-0.2002,-0.002,0.008,0.0,0.0,0.0,,,,,,,,,,,,,,,,10.650,,,,,,,,,0.0000,0.000,0.000,0.0,0.0,0.0
10.700,0,0,-3.8E-4,-0.05,-0.2,9.9,-0.1,9.9,-0.2002,-0.001,0.011,0.0,0.0,0.0,,,,,,,,,,,,,,,,10.700,-1E-4,-1E-5,-1.4E-6,-0.09,0.0,9.9,-0.1,9.9,0.0000,0.000,0.000,0.0,0.0,0.0
10.750,,,,,,,,,-0.2003,-4.042E-4,0.013,0.0,0.0,0.0,,,,,,,,,,,,,,,,10.750,,,,,,,,,0.0000,0.000,0.000,0.0,0.0,0.0
10.800,0,0,-3.8E-4,-0.05,0.0,9.9,-0.1,9.9,-0.2003,4.042E-4,0.009,0.0,0.0,0.0,,,,,,,,,,,,,,,,10.800,-1E-4,-1E-5,-1.5E-6,-0.09,0.0,9.9,-0.1,9.9,0.0000,0.000,0.000,0.0,0.0,0.0
10.850,,,,,,,,,-0.2002,8.084E-4,0.001,0.0,0.0,0.0,,,,,,,,,,,,,,,,10.850,,,,,,,,,0.0000,0.000,0.000,0.0,0.0,0.0
10.900,0,0,-3.7E-4,-0.05,0.0,9.9,-0.1,9.9,-0.2002,4.042E-4,-0.003,0.0,0.0,0.0,,,,,,,,,,,,,,,,10.900,-2E-4,-2E-5,-1.6E-6,-0.09,0.0,9.9,-0.1,9.9,0.0000,0.000,0.000,0.0,0.0,0.0
10.950,,,,,,,,,-0.2002,0.000,-3.632E-17,0.0,0.0,0.0,,,,,,,,,,,,,,,,10.950,,,,,,,,,0.0000,0.000,0.000,0.0,0.0,0.0
11.000,0,0,-3.7E-4,-0.05,0.0,10.0,-0.1,10.0,-0.2002,4.042E-4,0.003,0.0,0.0,0.0,,,,,,,,,,,,,,,,11.000,-2E-4,-2E-5,-1.7E-6,-0.09,0.0,9.9,-0.1,9.9,0.0000,0.000,0.000,0.0,0.0,0.0
11.050,,,,,,,,,-0.2002,8.084E-4,-0.004,0.0,0.0,0.0,,,,,,,,,,,,,,,,11.050,,,,,,,,,0.0000,0.000,0.000,0.0,0.0,0.0
11.100,0,0,-3.7E-4,-0.05,-0.1,10.0,-0.1,10.0,-0.2001,4.042E-4,-0.019,0.0,0.0,0.0,,,,,,,,,,,,,,,,11.100,-2E-4,-2E-5,-1.7E-6,-0.08,0.0,9.9,-0.1,9.9,0.0000,0.000,0.000,0.0,0.0,0.0
11.150,,,,,,,,,-0.2001,-0.001,-0.030,0.0,0.0,0.0,,,,,,,,,,,,,,,,11.150,,,,,,,,,0.0000,0.000,0.000,0.0,0.0,0.0
11.200,0,0,-3.8E-4,-0.05,-0.1,10.0,-0.1,10.0,-0.2002,-0.003,-0.028,0.0,0.0,0.0,,,,,,,,,,,,,,,,11.200,-2E-4,-2E-5,-1.7E-6,-0.09,0.0,9.9,-0.1,9.9,0.0000,0.000,0.000,0.0,0.0,0.0
11.250,,,,,,,,,-0.2004,-0.004,-0.018,0.0,0.0,0.0,,,,,,,,,,,,,,,,11.250,,,,,,,,,0.0000,0.000,0.000,0.0,0.0,0.0
11.300,0,0,-4.1E-4,-0.05,0.0,9.9,-0.1,9.9,-0.2007,-0.005,-0.008,0.0,0.0,0.0,,,,,,,,,,,,,,,,11.300,-2E-4,-2E-5,-1.8E-6,-0.09,0.0,9.9,-0.1,9.9,0.0000,0.000,0.000,0.0,0.0,0.0
11.350,,,,,,,,,-0.2009,-0.005,-0.005,0.0,0.0,0.0,,,,,,,,,,,,,,,,11.350,,,,,,,,,0.0000,0.000,0.000,0.0,0.0,0.0
11.400,0,0,-4.4E-4,-0.05,0.0,10.0,-0.1,10.0,-0.2012,-0.005,-0.005,0.0,0.0,0.0,,,,,,,,,,,,,,,,11.400,-2E-4,-2E-5,-1.8E-6,-0.08,0.0,9.9,-0.1,9.9,0.0000,0.000,0.000,0.0,0.0,0.0
11.450,,,,,,,,,-0.2014,-0.006,-0.005,0.0,0.0,0.0,,,,,,,,,,,,,,,,11.450,,,,,,,,,0.0000,0.000,0.000,0.0,0.0,0.0
11.500,0,0,-4.9E-4,-0.05,0.1,10.0,-0.1,10.0,-0.2018,-0.006,-0.008,0.0,0.0,0.0,,,,,,,,,,,,,,,,11.500,-2E-4,-2E-5,-1.8E-6,-0.08,0.0,9.9,-0.1,9.9,0.0000,0.000,0.000,0.0,0.0,0.0
11.550,,,,,,,,,-0.2020,-0.006,-0.016,0.0,0.0,0.0,,,,,,,,,,,,,,,,11.550,,,,,,,,,0.0000,0.000,0.000,0.0,0.0,0.0
11.600,0,0,-5.4E-4,-0.05,-0.3,10.0,-0.1,10.0,-0.2023,-0.007,-0.020,0.0,0.0,0.0,,,,,,,,,,,,,,,,11.600,-2E-4,-2E-5,-1.8E-6,-0.09,0.0,9.9,-0.1,9.9,0.0000,0.000,0.000,0.0,0.0,0.0
11.650,,,,,,,,,-0.2028,-0.009,-0.008,4.6E-4,0.0,0.0,,,,,,,,,,,,,,,,11.650,,,,,,,,,0.0000,0.000,0.000,0.0,0.0,0.0
11.700,0,0,-6.3E-4,-0.05,0.1,9.9,0.0,9.9,-0.2032,-0.009,0.019,0.0,0.0,0.0,,,,,,,,,,,,,,,,11.700,-2E-4,-2E-5,-1.8E-6,-0.09,0.0,9.9,-0.1,9.9,0.0000,0.000,0.000,0.0,0.0,0.0
11.750,,,,,,,,,-0.2037,-0.007,0.047,0.0,0.0,0.0,,,,,,,,,,,,,,,,11.750,,,,,,,,,0.0000,0.000,0.000,0.0,0.0,0.0
11.800,0,0,-6.8E-4,-0.05,0.1,9.9,-0.1,9.9,-0.2040,-0.004,0.062,0.0,0.0,0.0,,,,,,,,,,,,,,,,11.800,-2E-4,-2E-5,-1.8E-6,-0.08,0.0,9.9,-0.1,9.9,0.0000,0.000,0.000,0.0,0.0,0.0
11.850,,,,,,,,,-0.2041,0.000,0.058,0.0,0.0,0.0,,,,,,,,,,,,,,,,11.850,,,,,,,,,0.0000,0.000,0.000,0.0,0.0,0.0
11.900,0,0,-6.6E-4,-0.05,0.0,10.0,-0.1,10.0,-0.2040,0.003,0.036,0.0,0.0,0.0,,,,,,,,,,,,,,,,11.900,-2E-4,-2E-5,-1.8E-6,-0.09,0.0,9.9,-0.1,9.9,0.0000,0.000,0.000,0.0,0.0,0.0
11.950,,,,,,,,,-0.2037,0.004,0.007,0.0,0.0,0.0,,,,,,,,,,,,,,,,11.950,,,,,,,,,0.0000,0.000,0.000,0.0,0.0,0.0
12.000,0,0,-6.2E-4,-0.05,0.0,9.9,0.0,9.9,-0.2035,0.003,-0.018,0.0,0.0,0.0,,,,,,,,,,,,,,,,12.000,-2E-4,-2E-5,-1.8E-6,-0.09,-9.7E-4,9.9,-0.1,9.9,0.0000,0.000,0.000,0.0,0.0,0.0
12.050,,,,,,,,,-0.2034,0.002,-0.028,0.0,0.0,0.0,,,,,,,,,,,,,,,,12.050,,,,,,,,,0.0000,0.000,0.000,0.0,0.0,0.0
12.100,0,0,-6.2E-4,-0.05,-0.1,10.0,-0.1,10.0,-0.2034,0.000,-0.026,0.0,0.0,0.0,,,,,,,,,,,,,,,,12.100,-2E-4,-2E-5,-1.8E-6,-0.08,0.0,9.9,-0.1,9.9,0.0000,0.000,0.000,0.0,0.0,0.0
12.150,,,,,,,,,-0.2034,-0.001,-0.015,0.0,0.0,0.0,,,,,,,,,,,,,,,,12.150,,,,,,,,,0.0000,0.000,0.000,0.0,0.0,0.0
12.200,0,0,-6.4E-4,-0.05,0.0,9.9,-0.1,9.9,-0.2035,-0.002,-1.887E-15,0.0,0.0,0.0,,,,,,,,,,,,,,,,12.200,-2E-4,-2E-5,-1.8E-6,-0.09,0.0,9.9,-0.1,9.9,0.0000,0.000,0.000,0.0,0.0,0.0
12.250,,,,,,,,,-0.2036,-0.001,0.012,0.0,0.0,0.0,,,,,,,,,,,,,,,,12.250,,,,,,,,,0.0000,0.000,0.000,0.0,0.0,0.0
12.300,0,0,-6.4E-4,-0.05,0.0,9.9,-0.1,9.9,-0.2036,0.000,0.015,0.0,0.0,0.0,,,,,,,,,,,,,,,,12.300,-2E-4,-2E-5,-1.8E-6,-0.08,-9.7E-4,9.9,-0.1,9.9,0.0000,0.000,0.000,0.0,0.0,0.0
12.350,,,,,,,,,-0.2036,8.084E-4,0.008,0.0,0.0,0.0,,,,,,,,,,,,,,,,12.350,,,,,,,,,0.0000,0.000,0.000,0.0,0.0,0.0
12.400,0,0,-6.3E-4,-0.05,0.0,9.9,-0.1,9.9,-0.2035,8.084E-4,-0.003,0.0,0.0,0.0,,,,,,,,,,,,,,,,12.400,-2E-4,-2E-5,-1.8E-6,-0.09,0.0,9.9,-0.1,9.9,0.0000,0.000,0.000,0.0,0.0,0.0
12.450,,,,,,,,,-0.2035,4.042E-4,-0.009,0.0,0.0,0.0,,,,,,,,,,,,,,,,12.450,,,,,,,,,0.0000,0.000,0.000,0.0,0.0,0.0
12.500,0,0,-6.3E-4,-0.05,0.0,10.0,-0.1,10.0,-0.2035,-4.042E-4,-0.009,0.0,0.0,0.0,,,,,,,,,,,,,,,,12.500,-2E-4,-2E-5,-1.8E-6,-0.08,0.0,10.0,-0.1,10.0,0.0000,0.000,0.000,0.0,0.0,0.0
12.550,,,,,,,,,-0.2035,-8.084E-4,-0.003,0.0,0.0,0.0,,,,,,,,,,,,,,,,12.550,,,,,,,,,0.0000,0.000,0.000,0.0,0.0,0.0
12.600,0,0,-6.4E-4,-0.05,0.0,9.9,-0.1,9.9,-0.2036,-8.084E-4,0.007,0.0,0.0,0.0,,,,,,,,,,,,,,,,12.600,-2E-4,-2E-5,-1.8E-6,-0.09,0.0,9.9,-0.1,9.9,0.0000,0.000,0.000,0.0,0.0,0.0
12.650,,,,,,,,,-0.2036,0.000,0.011,0.0,0.0,0.0,,,,,,,,,,,,,,,,12.650,,,,,,,,,0.0000,0.000,0.000,0.0,0.0,0.0
12.700,0,0,-6.4E-4,-0.05,0.0,9.9,-0.1,9.9,-0.2036,8.084E-4,0.005,0.0,0.0,0.0,,,,,,,,,,,,,,,,12.700,-2E-4,-2E-5,-1.8E-6,-0.08,0.0,9.9,-0.1,9.9,0.0000,0.000,0.000,0.0,0.0,0.0
12.750,,,,,,,,,-0.2035,8.084E-4,-0.005,0.0,0.0,0.0,,,,,,,,,,,,,,,,12.750,,,,,,,,,0.0000,0.000,0.000,0.0,0.0,0.0
12.800,0,0,-6.4E-4,-0.05,0.0,9.9,-0.1,9.9,-0.2035,2.776E-16,-0.011,0.0,0.0,0.0,,,,,,,,,,,,,,,,12.800,-2E-4,-2E-5,-1.9E-6,-0.09,0.0,9.9,-0.1,9.9,0.0000,0.000,0.000,0.0,0.0,0.0
12.850,,,,,,,,,-0.2035,-8.084E-4,-0.007,0.0,0.0,0.0,,,,,,,,,,,,,,,,12.850,,,,,,,,,0.0000,0.000,0.000,0.0,0.0,0.0
12.900,0,0,-6.4E-4,-0.05,0.0,9.9,-0.1,9.9,-0.2036,-8.084E-4,0.001,0.0,0.0,0.0,,,,,,,,,,,,,,,,12.900,-2E-4,-2E-5,-1.9E-6,-0.08,0.0,9.9,-0.1,9.9,0.0000,0.000,0.000,0.0,0.0,0.0
12.950,,,,,,,,,-0.2036,-4.042E-4,0.005,0.0,0.0,0.0,,,,,,,,,,,,,,,,12.950,,,,,,,,,0.0000,0.000,0.000,0.0,0.0,0.0
13.000,0,0,-6.4E-4,-0.05,-9.7E-4,9.9,-0.1,9.9,-0.2036,0.000,0.004,0.0,0.0,0.0,,,,,,,,,,,,,,,,13.000,-2E-4,-2E-5,-1.9E-6,-0.09,0.0,9.9,-0.1,9.9,0.0000,0.000,0.000,0.0,0.0,0.0
13.050,,,,,,,,,-0.2036,0.000,0.001,0.0,0.0,0.0,,,,,,,,,,,,,,,,13.050,,,,,,,,,0.0000,0.000,0.000,0.0,0.0,0.0
13.100,0,0,-6.4E-4,-0.05,0.0,9.9,-0.1,9.9,-0.2036,0.000,0.000,0.0,0.0,0.0,,,,,,,,,,,,,,,,13.100,-2E-4,-2E-5,-1.9E-6,-0.09,0.0,9.9,-0.1,9.9,0.0000,0.000,0.000,0.0,0.0,0.0
13.150,,,,,,,,,-0.2036,0.000,0.000,0.0,0.0,0.0,,,,,,,,,,,,,,,,13.150,,,,,,,,,0.0000,0.000,0.000,0.0,0.0,0.0
13.200,0,0,-6.4E-4,-0.05,0.0,9.9,-0.1,9.9,-0.2036,0.000,0.000,0.0,0.0,0.0,,,,,,,,,,,,,,,,13.200,-2E-4,-2E-5,-1.9E-6,-0.09,0.0,9.9,-0.1,9.9,0.0000,0.000,0.000,0.0,0.0,0.0
13.250,,,,,,,,,-0.2036,0.000,0.000,0.0,0.0,0.0,,,,,,,,,,,,,,,,13.250,,,,,,,,,0.0000,0.000,0.000,0.0,0.0,0.0
13.300,0,0,-6.4E-4,-0.05,-9.7E-4,9.9,-0.1,9.9,-0.2036,0.000,0.000,0.0,0.0,0.0,,,,,,,,,,,,,,,,13.300,-2E-4,-2E-5,-1.9E-6,-0.09,-9.7E-4,9.9,-0.1,9.9,0.0000,0.000,0.000,0.0,0.0,0.0
13.350,,,,,,,,,-0.2036,0.000,0.000,0.0,0.0,0.0,,,,,,,,,,,,,,,,13.350,,,,,,,,,0.0000,0.000,0.000,0.0,0.0,0.0
13.400,0,0,-6.4E-4,-0.05,-9.7E-4,9.9,-0.1,9.9,-0.2036,0.000,0.000,0.0,0.0,0.0,,,,,,,,,,,,,,,,13.400,-2E-4,-2E-5,-1.9E-6,-0.08,0.0,9.9,-0.1,9.9,0.0000,0.000,0.000,0.0,0.0,0.0
13.450,,,,,,,,,-0.2036,0.000,0.000,0.0,0.0,0.0,,,,,,,,,,,,,,,,13.450,,,,,,,,,0.0000,0.000,0.000,0.0,0.0,0.0
13.500,0,0,-6.4E-4,-0.05,0.0,9.9,-0.1,9.9,-0.2036,0.000,0.000,0.0,0.0,0.0,,,,,,,,,,,,,,,,13.500,-2E-4,-2E-5,-1.9E-6,-0.08,0.0,9.9,-0.1,9.9,0.0000,0.000,0.000,0.0,0.0,0.0
13.550,,,,,,,,,-0.2036,0.000,0.000,0.0,0.0,0.0,,,,,,,,,,,,,,,,13.550,,,,,,,,,0.0000,0.000,0.000,0.0,0.0,0.0
13.600,0,0,-6.4E-4,-0.05,0.0,9.9,-0.1,9.9,-0.2036,0.000,0.000,0.0,0.0,0.0,,,,,,,,,,,,,,,,13.600,-2E-4,-2E-5,-1.8E-6,-0.08,0.0,9.9,-0.1,9.9,0.0000,0.000,0.000,0.0,0.0,0.0
13.650,,,,,,,,,-0.2036,0.000,0.000,0.0,0.0,0.0,,,,,,,,,,,,,,,,13.650,,,,,,,,,0.0000,0.000,0.000,0.0,0.0,0.0
13.700,0,0,-6.4E-4,-0.05,0.0,9.9,-0.1,9.9,-0.2036,0.000,0.000,0.0,0.0,0.0,,,,,,,,,,,,,,,,13.700,-2E-4,-2E-5,-1.8E-6,-0.09,0.0,9.9,-0.1,9.9,0.0000,0.000,0.000,0.0,0.0,0.0
13.750,,,,,,,,,-0.2036,0.000,0.000,0.0,0.0,0.0,,,,,,,,,,,,,,,,13.750,,,,,,,,,0.0000,0.000,0.000,0.0,0.0,0.0
13.800,0,0,-6.4E-4,-0.05,-9.7E-4,9.9,-0.1,9.9,-0.2036,0.000,0.000,0.0,0.0,0.0,,,,,,,,,,,,,,,,13.800,-2E-4,-2E-5,-1.9E-6,-0.09,-9.7E-4,9.9,-0.1,9.9,0.0000,0.000,0.000,0.0,0.0,0.0
13.850,,,,,,,,,-0.2036,0.000,0.000,0.0,0.0,0.0,,,,,,,,,,,,,,,,13.850,,,,,,,,,0.0000,0.000,0.000,0.0,0.0,0.0
13.900,0,0,-6.4E-4,-0.05,0.0,9.9,-0.1,9.9,-0.2036,0.000,0.000,0.0,0.0,0.0,,,,,,,,,,,,,,,,13.900,-2E-4,-2E-5,-1.9E-6,-0.09,0.0,9.9,-0.1,9.9,0.0000,0.000,0.000,0.0,0.0,0.0
13.950,,,,,,,,,-0.2036,0.000,0.000,0.0,0.0,0.0,,,,,,,,,,,,,,,,13.950,,,,,,,,,0.0000,0.000,0.000,0.0,0.0,0.0
14.000,0,0,-6.4E-4,-0.05,-9.7E-4,9.9,-0.1,9.9,-0.2036,0.000,0.000,0.0,0.0,0.0,,,,,,,,,,,,,,,,14.000,-2E-4,-2E-5,-1.9E-6,-0.08,0.0,9.9,-0.1,9.9,0.0000,0.000,0.000,0.0,0.0,0.0
14.050,,,,,,,,,-0.2036,0.000,0.000,0.0,0.0,0.0,,,,,,,,,,,,,,,,14.050,,,,,,,,,0.0000,0.000,0.000,0.0,0.0,0.0
14.100,0,0,-6.4E-4,-0.05,0.0,10.0,-0.1,10.0,-0.2036,0.000,0.000,0.0,0.0,0.0,,,,,,,,,,,,,,,,14.100,-2E-4,-2E-5,-1.9E-6,-0.08,0.0,9.9,-0.1,9.9,0.0000,0.000,0.000,0.0,0.0,0.0
14.150,,,,,,,,,-0.2036,0.000,0.000,0.0,0.0,0.0,,,,,,,,,,,,,,,,14.150,,,,,,,,,0.0000,0.000,0.000,0.0,0.0,0.0
14.200,0,0,-6.4E-4,-0.05,0.0,9.9,-0.1,9.9,-0.2036,0.000,0.000,0.0,0.0,0.0,,,,,,,,,,,,,,,,14.200,-2E-4,-2E-5,-1.9E-6,-0.09,0.0,9.9,-0.1,9.9,0.0000,0.000,0.000,0.0,0.0,0.0
14.250,,,,,,,,,-0.2036,0.000,0.000,0.0,0.0,0.0,,,,,,,,,,,,,,,,14.250,,,,,,,,,0.0000,0.000,0.000,0.0,0.0,0.0
14.300,0,0,-6.4E-4,-0.05,0.0,9.9,-0.1,9.9,-0.2036,0.000,0.000,0.0,0.0,0.0,,,,,,,,,,,,,,,,14.300,-2E-4,-2E-5,-1.9E-6,-0.09,0.0,9.9,-0.1,9.9,0.0000,0.000,0.000,0.0,0.0,0.0
14.350,,,,,,,,,-0.2036,0.000,0.000,0.0,0.0,0.0,,,,,,,,,,,,,,,,14.350,,,,,,,,,0.0000,0.000,0.000,0.0,0.0,0.0
14.400,0,0,-6.4E-4,-0.05,-9.7E-4,9.9,-0.1,9.9,-0.2036,0.000,0.000,0.0,0.0,0.0,,,,,,,,,,,,,,,,14.400,-2E-4,-2E-5,-1.8E-6,-0.08,-0.1,10.0,-0.1,10.0,0.0000,0.000,0.000,0.0,0.0,0.0
14.450,,,,,,,,,-0.2036,0.000,0.000,0.0,0.0,0.0,,,,,,,,,,,,,,,,14.450,,,,,,,,,0.0000,0.000,0.000,0.0,0.0,0.0
14.500,0,0,-6.4E-4,-0.05,-9.7E-4,9.9,-0.1,9.9,-0.2036,0.000,0.000,0.0,0.0,0.0,,,,,,,,,,,,,,,,14.500,-2E-4,-2E-5,-1.8E-6,-0.08,0.0,9.9,-0.1,9.9,0.0000,0.000,0.000,0.0,0.0,0.0
14.550,,,,,,,,,-0.2036,0.000,0.000,0.0,0.0,0.0,,,,,,,,,,,,,,,,14.550,,,,,,,,,0.0000,0.000,0.000,0.0,0.0,0.0
14.600,0,0,-6.4E-4,-0.05,0.0,9.9,-0.1,9.9,-0.2036,0.000,0.000,0.0,0.0,0.0,,,,,,,,,,,,,,,,14.600,-2E-4,-2E-5,-1.8E-6,-0.08,0.0,9.9,-0.1,9.9,0.0000,0.000,0.000,0.0,0.0,0.0
14.650,,,,,,,,,-0.2036,0.000,0.000,0.0,0.0,0.0,,,,,,,,,,,,,,,,14.650,,,,,,,,,0.0000,0.000,0.000,0.0,0.0,0.0
14.700,0,0,-6.4E-4,-0.05,-9.7E-4,9.9,-0.1,9.9,-0.2036,0.000,0.000,0.0,0.0,0.0,,,,,,,,,,,,,,,,14.700,-2E-4,-2E-5,-1.9E-6,-0.08,0.0,9.9,0.0,9.9,0.0000,0.000,0.000,0.0,0.0,0.0
14.750,,,,,,,,,-0.2036,0.000,0.000,0.0,0.0,0.0,,,,,,,,,,,,,,,,14.750,,,,,,,,,0.0000,0.000,0.000,0.0,0.0,0.0
14.800,0,0,-6.4E-4,-0.05,-9.7E-4,9.9,-0.1,9.9,-0.2036,0.000,0.000,0.0,0.0,0.0,,,,,,,,,,,,,,,,14.800,-2E-4,-2E-5,-1.9E-6,-0.08,0.0,9.9,-0.1,9.9,0.0000,0.000,0.000,0.0,0.0,0.0
14.850,,,,,,,,,-0.2036,0.000,0.000,0.0,0.0,0.0,,,,,,,,,,,,,,,,14.850,,,,,,,,,0.0000,0.000,0.000,0.0,0.0,0.0
14.900,0,0,-6.4E-4,-0.05,0.0,10.0,-0.1,10.0,-0.2036,0.000,0.000,0.0,0.0,0.0,,,,,,,,,,,,,,,,14.900,-2E-4,-2E-5,-1.8E-6,-0.08,0.0,9.9,-0.1,9.9,0.0000,0.000,0.000,0.0,0.0,0.0
14.950,,,,,,,,,-0.2036,0.000,0.000,0.0,0.0,0.0,,,,,,,,,,,,,,,,14.950,,,,,,,,,0.0000,0.000,0.000,0.0,0.0,0.0
15.000,0,0,-6.4E-4,-0.04,-9.7E-4,9.9,-0.1,9.9,-0.2036,0.000,0.000,0.0,0.0,0.0,,,,,,,,,,,,,,,,15.000,-2E-4,-2E-5,-1.9E-6,-0.09,0.0,9.9,-0.1,9.9,0.0000,0.000,0.000,0.0,0.0,0.0
15.050,,,,,,,,,-0.2036,0.000,0.000,0.0,0.0,0.0,,,,,,,,,,,,,,,,15.050,,,,,,,,,0.0000,0.000,0.000,0.0,0.0,0.0
15.100,0,0,-6.4E-4,-0.05,0.0,9.9,-0.1,9.9,-0.2036,0.000,0.000,0.0,0.0,0.0,,,,,,,,,,,,,,,,15.100,-2E-4,-2E-5,-1.9E-6,-0.08,0.0,9.9,-0.1,9.9,0.0000,0.000,0.000,0.0,0.0,0.0
15.150,,,,,,,,,-0.2036,0.000,0.000,0.0,0.0,0.0,,,,,,,,,,,,,,,,15.150,,,,,,,,,0.0000,0.000,0.000,0.0,0.0,0.0
15.200,0,0,-6.4E-4,-0.04,-9.7E-4,9.9,-0.1,9.9,-0.2036,0.000,0.000,0.0,0.0,0.0,,,,,,,,,,,,,,,,15.200,-2E-4,-2E-5,-1.9E-6,-0.09,0.0,9.9,-0.1,9.9,0.0000,0.000,0.000,0.0,0.0,0.0
15.250,,,,,,,,,-0.2036,0.000,0.000,0.0,0.0,0.0,,,,,,,,,,,,,,,,15.250,,,,,,,,,0.0000,0.000,0.000,0.0,0.0,0.0
15.300,0,0,-6.4E-4,-0.05,0.0,10.0,-0.1,10.0,-0.2036,0.000,0.000,0.0,0.0,0.0,,,,,,,,,,,,,,,,15.300,-2E-4,-2E-5,-1.9E-6,-0.08,0.0,9.9,-0.1,9.9,0.0000,0.000,0.000,0.0,0.0,0.0
15.350,,,,,,,,,-0.2036,0.000,0.000,0.0,0.0,0.0,,,,,,,,,,,,,,,,15.350,,,,,,,,,0.0000,0.000,0.000,0.0,0.0,0.0
15.400,0,0,-6.4E-4,-0.05,0.0,9.9,-0.1,9.9,-0.2036,0.000,0.000,0.0,0.0,0.0,,,,,,,,,,,,,,,,15.400,-2E-4,-2E-5,-1.9E-6,-0.08,0.0,9.9,-0.1,9.9,0.0000,0.000,0.000,0.0,0.0,0.0
15.450,,,,,,,,,-0.2036,0.000,0.000,0.0,0.0,0.0,,,,,,,,,,,,,,,,15.450,,,,,,,,,0.0000,0.000,0.000,0.0,0.0,0.0
15.500,0,0,-6.4E-4,-0.05,0.0,9.9,-0.1,9.9,-0.2036,0.000,0.000,0.0,0.0,0.0,,,,,,,,,,,,,,,,15.500,-2E-4,-2E-5,-1.9E-6,-0.09,0.0,9.9,-0.1,9.9,0.0000,0.000,0.000,0.0,0.0,0.0
15.550,,,,,,,,,-0.2036,0.000,0.000,0.0,0.0,0.0,,,,,,,,,,,,,,,,15.550,,,,,,,,,0.0000,0.000,0.000,0.0,0.0,0.0
15.600,0,0,-6.4E-4,-0.05,0.0,9.9,-0.1,9.9,-0.2036,0.000,0.000,0.0,0.0,0.0,,,,,,,,,,,,,,,,15.600,-2E-4,-2E-5,-1.9E-6,-0.09,0.0,9.9,-0.1,9.9,0.0000,0.000,0.000,0.0,0.0,0.0
15.650,,,,,,,,,-0.2036,0.000,0.000,0.0,0.0,0.0,,,,,,,,,,,,,,,,15.650,,,,,,,,,0.0000,0.000,0.000,0.0,0.0,0.0
15.700,0,0,-6.4E-4,-0.05,0.0,9.9,-0.1,9.9,-0.2036,0.000,0.000,0.0,0.0,0.0,,,,,,,,,,,,,,,,15.700,-2E-4,-2E-5,-1.9E-6,-0.08,0.0,9.9,-0.1,9.9,0.0000,0.000,0.000,0.0,0.0,0.0
15.750,,,,,,,,,-0.2036,0.000,0.000,0.0,0.0,0.0,,,,,,,,,,,,,,,,15.750,,,,,,,,,0.0000,0.000,0.000,0.0,0.0,0.0
15.800,0,0,-6.4E-4,-0.05,-9.7E-4,9.9,-0.1,9.9,-0.2036,0.000,0.000,0.0,0.0,0.0,,,,,,,,,,,,,,,,15.800,-2E-4,-2E-5,-1.9E-6,-0.09,0.0,9.9,-0.1,9.9,0.0000,0.000,0.000,0.0,0.0,0.0
15.850,,,,,,,,,-0.2036,0.000,0.000,0.0,0.0,0.0,,,,,,,,,,,,,,,,15.850,,,,,,,,,0.0000,0.000,0.000,0.0,0.0,0.0
15.900,0,0,-6.4E-4,-0.05,-9.7E-4,9.9,-0.1,9.9,-0.2036,0.000,0.000,0.0,0.0,0.0,,,,,,,,,,,,,,,,15.900,-2E-4,-2E-5,-1.9E-6,-0.09,0.0,9.9,-0.1,9.9,0.0000,0.000,0.000,0.0,0.0,0.0
15.950,,,,,,,,,-0.2036,0.000,0.000,0.0,0.0,0.0,,,,,,,,,,,,,,,,15.950,,,,,,,,,0.0000,0.000,0.000,0.0,0.0,0.0
16.000,0,0,-6.4E-4,-0.05,0.0,9.9,-0.1,9.9,-0.2036,0.000,0.000,0.0,0.0,0.0,,,,,,,,,,,,,,,,16.000,-2E-4,-2E-5,-1.9E-6,-0.09,0.0,9.9,-0.1,9.9,0.0000,0.000,0.000,0.0,0.0,0.0
16.050,,,,,,,,,-0.2036,0.000,0.000,0.0,0.0,0.0,,,,,,,,,,,,,,,,16.050,,,,,,,,,0.0000,0.000,0.000,0.0,0.0,0.0
16.100,0,0,-6.4E-4,-0.05,-9.7E-4,9.9,-0.1,9.9,-0.2036,0.000,0.000,0.0,0.0,0.0,,,,,,,,,,,,,,,,16.100,-2E-4,-2E-5,-1.9E-6,-0.09,0.0,9.9,-0.1,9.9,0.0000,0.000,0.000,0.0,0.0,0.0
16.150,,,,,,,,,-0.2036,0.000,0.000,0.0,0.0,0.0,,,,,,,,,,,,,,,,16.150,,,,,,,,,0.0000,0.000,0.000,0.0,0.0,0.0
16.200,0,0,-6.4E-4,-0.04,0.0,9.9,-0.1,9.9,-0.2036,0.000,0.000,0.0,0.0,0.0,,,,,,,,,,,,,,,,16.200,-2E-4,-2E-5,-1.9E-6,-0.09,0.0,9.9,-0.1,9.9,0.0000,0.000,0.000,0.0,0.0,0.0
16.250,,,,,,,,,-0.2036,0.000,0.000,0.0,0.0,0.0,,,,,,,,,,,,,,,,16.250,,,,,,,,,0.0000,0.000,0.000,0.0,0.0,0.0
16.300,0,0,-6.4E-4,-0.04,0.0,9.9,-0.1,9.9,-0.2036,0.000,0.000,0.0,0.0,0.0,,,,,,,,,,,,,,,,16.300,-2E-4,-2E-5,-1.9E-6,-0.09,0.0,9.9,-0.1,9.9,0.0000,0.000,0.000,0.0,0.0,0.0
16.350,,,,,,,,,-0.2036,0.000,0.000,0.0,0.0,0.0,,,,,,,,,,,,,,,,16.350,,,,,,,,,0.0000,0.000,0.000,0.0,0.0,0.0
16.400,0,0,-6.4E-4,-0.05,0.0,10.0,-0.1,10.0,-0.2036,0.000,0.000,0.0,0.0,0.0,,,,,,,,,,,,,,,,16.400,-2E-4,-2E-5,-1.9E-6,-0.09,0.0,9.9,-0.1,9.9,0.0000,0.000,0.000,0.0,0.0,0.0
16.450,,,,,,,,,-0.2036,0.000,0.000,0.0,0.0,0.0,,,,,,,,,,,,,,,,16.450,,,,,,,,,0.0000,0.000,0.000,0.0,0.0,0.0
16.500,0,0,-6.4E-4,-0.04,-9.7E-4,9.9,-0.1,9.9,-0.2036,0.000,0.000,0.0,0.0,0.0,,,,,,,,,,,,,,,,16.500,-2E-4,-2E-5,-1.8E-6,-0.09,0.0,9.9,-0.1,9.9,0.0000,0.000,0.000,0.0,0.0,0.0
16.550,,,,,,,,,-0.2036,0.000,0.000,0.0,0.0,0.0,,,,,,,,,,,,,,,,16.550,,,,,,,,,0.0000,0.000,0.000,0.0,0.0,0.0
16.600,0,0,-6.4E-4,-0.05,0.0,9.9,-0.1,9.9,-0.2036,0.000,0.000,0.0,0.0,0.0,,,,,,,,,,,,,,,,16.600,-2E-4,-2E-5,-1.9E-6,-0.09,0.0,9.9,-0.1,9.9,0.0000,0.000,0.000,0.0,0.0,0.0
16.650,,,,,,,,,-0.2036,0.000,0.000,0.0,0.0,0.0,,,,,,,,,,,,,,,,16.650,,,,,,,,,0.0000,0.000,0.000,0.0,0.0,0.0
16.700,0,0,-6.4E-4,-0.05,0.0,9.9,-0.1,9.9,-0.2036,0.000,0.000,0.0,0.0,0.0,,,,,,,,,,,,,,,,16.700,-2E-4,-2E-5,-1.9E-6,-0.08,0.0,9.9,-0.1,9.9,0.0000,0.000,0.000,0.0,0.0,0.0
16.750,,,,,,,,,-0.2036,0.000,0.000,0.0,0.0,0.0,,,,,,,,,,,,,,,,16.750,,,,,,,,,0.0000,0.000,0.000,0.0,0.0,0.0
16.800,0,0,-6.4E-4,-0.05,-9.7E-4,10.0,-0.1,10.0,-0.2036,0.000,0.000,0.0,0.0,0.0,,,,,,,,,,,,,,,,16.800,-2E-4,-2E-5,-1.9E-6,-0.08,0.0,9.9,-0.1,9.9,0.0000,0.000,0.000,0.0,0.0,0.0
16.850,,,,,,,,,-0.2036,0.000,0.000,0.0,0.0,0.0,,,,,,,,,,,,,,,,16.850,,,,,,,,,0.0000,0.000,0.000,0.0,0.0,0.0
16.900,0,0,-6.4E-4,-0.04,0.0,9.9,-0.1,9.9,-0.2036,0.000,0.000,0.0,0.0,0.0,,,,,,,,,,,,,,,,16.900,-2E-4,-2E-5,-1.9E-6,-0.08,0.0,9.9,-0.1,9.9,0.0000,0.000,0.000,0.0,0.0,0.0
16.950,,,,,,,,,-0.2036,0.000,0.000,0.0,0.0,0.0,,,,,,,,,,,,,,,,16.950,,,,,,,,,0.0000,0.000,0.000,0.0,0.0,0.0
17.000,0,0,-6.4E-4,-0.05,-9.7E-4,9.9,-0.1,9.9,-0.2036,0.000,0.000,0.0,0.0,0.0,,,,,,,,,,,,,,,,17.000,-2E-4,-2E-5,-1.9E-6,-0.09,0.0,9.9,-0.1,9.9,0.0000,0.000,0.001,0.0,0.0,0.0
17.050,,,,,,,,,-0.2036,0.000,0.000,0.0,0.0,0.0,,,,,,,,,,,,,,,,17.050,,,,,,,,,0.0000,0.000,0.003,0.0,0.0,0.0
17.100,0,0,-6.4E-4,-0.05,0.0,9.9,-0.1,9.9,-0.2036,0.000,0.000,0.0,0.0,0.0,,,,,,,,,,,,,,,,17.100,-2E-4,-2E-5,-1.9E-6,-0.09,0.0,9.9,-0.1,9.9,0.0000,4.042E-4,0.001,0.0,0.0,0.0
17.150,,,,,,,,,-0.2036,0.000,0.000,0.0,0.0,0.0,,,,,,,,,,,,,,,,17.150,,,,,,,,,0.0000,4.042E-4,-0.001,0.0,0.0,0.0
17.200,0,0,-6.4E-4,-0.05,0.0,9.9,-0.1,9.9,-0.2036,0.000,0.000,0.0,0.0,0.0,,,,,,,,,,,,,,,,17.200,-2E-4,-2E-5,-1.9E-6,-0.22,0.0,9.9,-0.1,9.9,1.2126E-4,0.000,-0.003,0.0,0.0,0.0
17.250,,,,,,,,,-0.2036,0.000,0.000,0.0,0.0,0.0,,,,,,,,,,,,,,,,17.250,,,,,,,,,0.0000,0.000,-0.001,0.0,0.0,0.0
17.300,0,0,-6.4E-4,-0.05,0.0,9.9,-0.1,9.9,-0.2036,0.000,0.000,0.0,0.0,0.0,,,,,,,,,,,,,,,,17.300,-2E-4,-2E-5,-1.9E-6,-0.08,0.0,9.9,-0.1,9.9,0.0000,0.000,-0.001,0.0,0.0,0.0
17.350,,,,,,,,,-0.2036,0.000,0.000,0.0,0.0,0.0,,,,,,,,,,,,,,,,17.350,,,,,,,,,1.2126E-4,0.000,-0.005,0.0,0.0,0.0
17.400,0,0,-6.4E-4,-0.05,-9.7E-4,9.9,-0.1,9.9,-0.2036,0.000,0.000,0.0,0.0,0.0,,,,,,,,,,,,,,,,17.400,-2E-4,-2E-5,-1.9E-6,-0.07,-0.2,9.9,-0.1,9.9,0.0000,-4.042E-4,-0.016,0.0,0.0,0.0
17.450,,,,,,,,,-0.2036,0.000,0.000,0.0,0.0,0.0,,,,,,,,,,,,,,,,17.450,,,,,,,,,0.0000,-0.001,-0.035,0.0,0.0,0.0
17.500,0,0,-6.4E-4,-0.04,0.0,9.9,-0.1,9.9,-0.2036,0.000,0.000,0.0,0.0,0.0,,,,,,,,,,,,,,,,17.500,-2E-4,-2E-5,-1.9E-6,-0.07,-0.1,9.9,-0.1,9.9,0.0000,-0.004,-0.031,0.0,0.0,0.0
17.550,,,,,,,,,-0.2036,0.000,0.000,0.0,0.0,0.0,,,,,,,,,,,,,,,,17.550,,,,,,,,,-2.4252E-4,-0.007,0.019,0.0,0.0,0.0
17.600,0,0,-6.4E-4,-0.04,0.0,9.9,-0.1,9.9,-0.2036,0.000,0.000,0.0,0.0,0.0,,,,,,,,,,,,,,,,17.600,-2E-4,-2E-5,-1.9E-6,-0.07,-0.1,9.9,-0.1,9.9,-8.4884E-4,-0.004,0.081,0.0,0.0,0.0
17.650,,,,,,,,,-0.2036,0.000,0.000,0.0,0.0,0.0,,,,,,,,,,,,,,,,17.650,,,,,,,,,-0.0013,0.004,0.088,0.0,0.0,0.0
17.700,0,0,-6.4E-4,-0.05,0.0,9.9,-0.1,9.9,-0.2036,0.000,0.000,0.0,0.0,0.0,,,,,,,,,,,,,,,,17.700,-2E-4,-2E-5,-1.9E-6,-1.72,-1.2,9.8,0.1,9.9,-2.1684E-19,0.009,0.024,0.0,0.0,0.0
17.750,,,,,,,,,-0.2036,0.000,0.000,0.0,0.0,0.0,,,,,,,,,,,,,,,,17.750,,,,,,,,,2.4252E-4,0.006,-0.036,0.0,0.0,0.0
17.800,0,0,-6.4E-4,-0.05,0.0,9.9,-0.1,9.9,-0.2036,0.000,0.000,0.0,0.0,0.0,,,,,,,,,,,,,,,,17.800,-2E-4,-2E-5,-1.9E-6,-2.55,0.0,10.0,-0.1,10.0,2.4252E-4,0.002,-0.047,0.0,0.0,0.0
17.850,,,,,,,,,-0.2036,0.000,0.000,0.0,0.0,0.0,,,,,,,,,,,,,,,,17.850,,,,,,,,,3.6379E-4,8.084E-4,-0.026,0.0,0.0,0.0
17.900,0,0,-6.4E-4,-0.05,-9.7E-4,9.9,-0.1,9.9,-0.2036,0.000,0.000,0.0,0.0,0.0,,,,,,,,,,,,,,,,17.900,-2E-4,-2E-5,-1.9E-6,-2.70,0.0,9.9,-0.1,9.9,3.6379E-4,4.042E-4,-0.008,0.0,0.0,0.0
17.950,,,,,,,,,-0.2036,0.000,0.000,0.0,0.0,0.0,,,,,,,,,,,,,,,,17.950,,,,,,,,,3.6379E-4,0.000,-0.004,0.0,0.0,0.0
18.000,0,0,-6.4E-4,-0.05,0.0,9.9,-0.1,9.9,-0.2036,0.000,0.000,0.0,0.0,0.0,,,,,,,,,,,,,,,,18.000,-2E-4,-2E-5,-1.8E-6,-2.89,0.0,9.9,-0.1,9.9,3.6379E-4,0.000,-0.001,0.0,0.0,0.0
18.050,,,,,,,,,-0.2036,0.000,0.000,0.0,0.0,0.0,,,,,,,,,,,,,,,,18.050,,,,,,,,,3.6379E-4,0.000,0.000,0.0,0.0,0.0
18.100,0,0,-6.4E-4,-0.05,0.0,9.9,-0.1,9.9,-0.2036,0.000,0.001,0.0,0.0,0.0,,,,,,,,,,,,,,,,18.100,-2E-4,-2E-5,-1.8E-6,-2.36,0.0,9.9,-0.1,9.9,3.6379E-4,0.000,0.000,0.0,0.0,0.0
18.150,,,,,,,,,-0.2036,0.000,0.004,0.0,0.0,0.0,,,,,,,,,,,,,,,,18.150,,,,,,,,,3.6379E-4,0.000,0.000,0.0,0.0,0.0
18.200,0,0,-6.4E-4,-0.05,-9.7E-4,9.9,-0.1,9.9,-0.2036,4.042E-4,0.007,0.0,0.0,0.0,,,,,,,,,,,,,,,,18.200,-2E-4,-2E-5,-1.8E-6,-2.71,0.0,9.9,-0.1,9.9,3.6379E-4,0.000,0.000,0.0,0.0,0.0
18.250,,,,,,,,,-0.2036,8.084E-4,0.018,0.0,0.0,0.0,,,,,,,,,,,,,,,,18.250,,,,,,,,,3.6379E-4,0.000,0.000,0.0,0.0,0.0
18.300,0,0,-6.3E-4,-0.05,0.0,10.0,-0.1,10.0,-0.2035,0.001,0.061,0.0,0.0,0.0,,,,,,,,,,,,,,,,18.300,-2E-4,-2E-5,-1.8E-6,-2.62,-0.1,9.9,-0.1,9.9,3.6379E-4,0.000,0.000,0.0,0.0,0.0
18.350,,,,,,,,,-0.2035,0.004,0.148,0.0,0.0,0.0,,,,,,,,,,,,,,,,18.350,,,,,,,,,3.6379E-4,0.000,0.000,0.0,0.0,0.0
18.400,0,0,-5.6E-4,-0.05,0.3,9.9,-0.1,9.9,-0.2034,0.015,0.237,0.0,0.0,0.0,,,,,,,,,,,,,,,,18.400,-2E-4,-2E-5,-1.8E-6,-2.71,0.0,9.9,-0.1,9.9,3.6379E-4,0.000,0.000,0.0,0.0,0.0
18.450,,,,,,,,,-0.2024,0.032,0.251,0.0,0.0,0.0,,,,,,,,,,,,,,,,18.450,,,,,,,,,3.6379E-4,0.000,0.000,0.0,0.0,0.0
18.500,0,0,-3.1E-4,-0.05,0.3,10.0,-0.1,10.0,-0.2001,0.045,0.166,0.0,0.0,0.0,,,,,,,,,,,,,,,,18.500,-2E-4,-2E-5,-1.8E-6,-3.57,0.0,10.0,-0.1,10.0,3.6379E-4,0.000,0.000,0.0,0.0,0.0
18.550,,,,,,,,,-0.1973,0.049,0.057,0.0,0.0,0.0,,,,,,,,,,,,,,,,18.550,,,,,,,,,3.6379E-4,0.000,0.000,0.0,0.0,0.0
18.600,0,0,-1.6E-4,-0.05,-0.1,9.9,-0.1,9.9,-0.1949,0.047,0.018,0.0,0.0,0.0,,,,,,,,,,,,,,,,18.600,-2E-4,-2E-5,-1.8E-6,-3.85,0.0,9.9,-0.1,9.9,3.6379E-4,0.000,0.000,0.0,0.0,0.0
18.650,,,,,,,,,-0.1928,0.047,0.059,0.0,0.0,0.0,,,,,,,,,,,,,,,,18.650,,,,,,,,,3.6379E-4,0.000,0.000,0.0,0.0,0.0
18.700,0,-1E-3,-9.6E-5,-0.05,0.3,10.0,-0.1,10.0,-0.1905,0.053,0.117,0.0,0.0,0.0,,,,,,,,,,,,,,,,18.700,-2E-4,-2E-5,-1.8E-6,-3.05,0.0,9.9,-0.1,9.9,3.6379E-4,0.000,0.000,0.0,0.0,0.0
18.750,,,,,,,,,-0.1876,0.061,0.137,0.0,0.0,0.0,,,,,,,,,,,,,,,,18.750,,,,,,,,,3.6379E-4,0.000,0.000,0.0,0.0,0.0
18.800,0,-5E-4,-5.3E-5,-0.05,0.1,9.9,-0.1,9.9,-0.1842,0.068,0.120,0.0,0.0,0.0,,,,,,,,,,,,,,,,18.800,-2E-4,-2E-5,-1.8E-6,-2.30,0.0,9.9,-0.1,9.9,3.6379E-4,0.000,0.000,0.0,0.0,0.0
18.850,,,,,,,,,-0.1808,0.073,0.094,0.0,0.0,0.0,,,,,,,,,,,,,,,,18.850,,,,,,,,,3.6379E-4,0.000,0.000,0.0,0.0,0.0
18.900,0,-3E-4,-3.0E-5,-0.04,0.1,10.0,-0.1,10.0,-0.1769,0.077,0.084,0.0,0.0,0.0,,,,,,,,,,,,,,,,18.900,-2E-4,-2E-5,-1.8E-6,-1.57,0.0,9.9,-0.1,9.9,3.6379E-4,0.000,0.000,0.0,0.0,0.0
18.950,,,,,,,,,-0.1729,0.080,0.096,0.0,0.0,0.0,,,,,,,,,,,,,,,,18.950,,,,,,,,,3.6379E-4,0.000,-0.001,0.0,0.0,0.0
19.000,0,-2E-4,-1.8E-5,-0.05,0.2,9.9,-0.1,9.9,-0.1690,0.086,0.117,0.0,0.0,0.0,,,,,,,,,,,,,,,,19.000,-2E-4,-2E-5,-1.9E-6,-0.29,-9.7E-4,9.9,-0.1,9.9,3.6379E-4,0.000,-0.008,0.0,0.0,0.0
19.050,,,,,,,,,-0.1646,0.093,0.120,0.0,0.0,0.0,,,,,,,,,,,,,,,,19.050,,,,,,,,,3.6379E-4,-4.042E-4,-0.024,0.0,0.0,0.0
19.100,0,-1E-4,-1.1E-5,-0.05,0.1,10.0,-0.1,10.0,-0.1596,0.099,0.093,0.0,0.0,0.0,,,,,,,,,,,,,,,,19.100,-2E-4,-2E-5,-1.9E-6,-0.35,0.0,9.9,-0.1,9.9,3.6379E-4,-0.002,-0.051,0.0,0.0,0.0
19.150,,,,,,,,,-0.1545,0.103,0.053,0.0,0.0,0.0,,,,,,,,,,,,,,,,19.150,,,,,,,,,2.4252E-4,-0.005,-0.081,0.0,0.0,0.0
19.200,-7E-4,-7E-5,-7.2E-6,-0.04,0.0,9.9,-0.1,9.9,-0.1493,0.104,0.023,0.0,0.0,0.0,,,,,,,,,,,,,,,,19.200,-2E-4,-2E-5,-1.9E-6,-0.07,-0.2,9.9,-0.1,9.9,-1.2126E-4,-0.011,-0.098,0.0,0.0,0.0
19.250,,,,,,,,,-0.1441,0.104,0.012,0.0,0.0,0.0,,,,,,,,,,,,,,,,19.250,,,,,,,,,-7.2757E-4,-0.016,-0.097,0.0,0.0,0.0
19.300,-5E-4,-5E-5,-5.2E-6,-0.04,-0.2,9.9,0.0,9.9,-0.1388,0.105,0.015,0.0,0.0,0.0,,,,,,,,,,,,,,,,19.300,-2E-4,-2E-5,-1.9E-6,-0.08,0.2,10.0,-0.1,10.0,-0.0018,-0.021,-0.086,0.0,0.0,0.0
19.350,,,,,,,,,-0.1336,0.105,0.020,0.0,0.0,0.0,,,,,,,,,,,,,,,,19.350,,,,,,,,,-0.0029,-0.024,-0.082,0.0,0.0,0.0
19.400,-4E-4,-4E-5,-3.9E-6,-0.04,0.0,9.9,-0.1,9.9,-0.1283,0.107,0.013,0.0,0.0,0.0,,,,,,,,,,,,,,,,19.400,-2E-4,-2E-5,-2.0E-6,-0.08,-0.2,9.9,-0.1,9.9,-0.0041,-0.028,-0.086,0.0,0.0,0.0
19.450,,,,,,,,,-0.1230,0.108,-0.016,0.0,0.0,0.0,,,,,,,,,,,,,,,,19.450,,,,,,,,,-0.0057,-0.033,-0.084,0.0,0.0,0.0
19.500,-3E-4,-3E-5,-3.2E-6,-0.04,-0.2,9.9,-0.1,9.9,-0.1174,0.106,-0.063,0.0,0.0,0.0,,,,,,,,,,,,,,,,19.500,-2E-4,-2E-5,-2.0E-6,-0.07,-0.2,9.9,-0.1,9.9,-0.0075,-0.038,-0.063,0.0,0.0,0.0
19.550,,,,,,,,,-0.1122,0.101,-0.100,0.0,0.0,0.0,,,,,,,,,,,,,,,,19.550,,,,,,,,,-0.0095,-0.040,-0.030,0.0,0.0,0.0
19.600,-3E-4,-3E-5,-2.7E-6,-0.04,-0.1,9.9,0.0,9.9,-0.1072,0.095,-0.101,0.0,0.0,0.0,,,,,,,,,,,,,,,,19.600,-2E-4,-2E-5,-2.1E-6,-0.07,0.0,9.9,-0.1,9.9,-0.0116,-0.040,0.003,0.0,0.0,0.0
19.650,,,,,,,,,-0.1027,0.090,-0.067,0.0,0.0,0.0,,,,,,,,,,,,,,,,19.650,,,,,,,,,-0.0136,-0.039,0.022,0.0,0.0,0.0
19.700,-2E-4,-2E-5,-2.5E-6,-0.05,0.1,9.9,-0.1,9.9,-0.0985,0.088,-0.022,0.0,0.0,0.0,,,,,,,,,,,,,,,,19.700,-2E-4,-2E-5,-2.2E-6,-0.07,0.2,9.9,-0.1,9.9,-0.0155,-0.038,0.026,0.0,0.0,0.0
19.750,,,,,,,,,-0.0940,0.088,0.015,0.0,0.0,0.0,,,,,,,,,,,,,,,,19.750,,,,,,,,,-0.0173,-0.036,0.020,0.0,0.0,0.0
19.800,-2E-4,-2E-5,-2.2E-6,-0.04,0.0,9.9,-0.1,9.9,-0.0896,0.090,0.040,0.0,0.0,0.0,,,,,,,,,,,,,,,,19.800,-2E-4,-2E-5,-2.3E-6,-0.07,0.0,10.0,-0.1,10.0,-0.0192,-0.036,0.013,0.0,0.0,0.0
19.850,,,,,,,,,-0.0851,0.092,0.053,0.0,0.0,0.0,,,,,,,,,,,,,,,,19.850,,,,,,,,,-0.0209,-0.035,0.011,0.0,0.0,0.0
19.900,-2E-4,-2E-5,-2.1E-6,-0.04,0.0,9.9,-0.1,9.9,-0.0804,0.096,0.039,0.0,0.0,0.0,,,,,,,,,,,,,,,,19.900,-2E-4,-2E-5,-2.4E-6,-0.08,-0.2,9.9,-0.1,9.9,-0.0227,-0.035,0.012,0.0,0.0,0.0
19.950,,,,,,,,,-0.0755,0.098,-0.007,0.0,0.0,0.0,,,,,,,,,,,,,,,,19.950,,,,,,,,,-0.0244,-0.034,0.011,0.0,0.0,0.0
20.000,-2E-4,-2E-5,-1.9E-6,-0.05,-0.1,9.9,-0.1,9.9,-0.0705,0.096,-0.066,0.0,0.0,0.0,,,,,,,,,,,,,,,,20.000,-3E-4,-3E-5,-2.5E-6,-0.08,-9.7E-4,9.9,-0.1,9.9,-0.0261,-0.033,0.004,0.0,0.0,0.0
20.050,,,,,,,,,-0.0657,0.090,-0.102,0.0,0.0,0.0,,,,,,,,,,,,,,,,20.050,,,,,,,,,-0.0276,-0.034,-0.001,0.0,0.0,0.0
20.100,-2E-4,-2E-5,-1.8E-6,-0.05,0.0,9.9,-0.1,9.9,-0.0615,0.084,-0.102,0.0,0.0,0.0,,,,,,,,,,,,,,,,20.100,-3E-4,-3E-5,-2.6E-6,-0.07,0.0,9.9,-0.1,9.9,-0.0293,-0.034,0.004,0.0,0.0,0.0
20.150,,,,,,,,,-0.0575,0.079,-0.084,0.0,0.0,0.0,,,,,,,,,,,,,,,,20.150,,,,,,,,,-0.0312,-0.034,0.019,0.0,0.0,0.0
20.200,-2E-4,-2E-5,-1.8E-6,-0.04,0.0,9.9,-0.1,9.9,-0.0536,0.076,-0.070,0.0,0.0,0.0,,,,,,,,,,,,,,,,20.200,-3E-4,-3E-5,-2.7E-6,-0.07,0.1,9.9,-0.1,9.9,-0.0327,-0.032,0.032,0.0,0.0,0.0
20.250,,,,,,,,,-0.0498,0.073,-0.070,0.0,0.0,0.0,,,,,,,,,,,,,,,,20.250,,,,,,,,,-0.0343,-0.030,0.036,0.0,0.0,0.0
20.300,-2E-4,-2E-5,-1.7E-6,-0.05,0.0,9.9,-0.1,9.9,-0.0463,0.069,-0.071,0.0,0.0,0.0,,,,,,,,,,,,,,,,20.300,-3E-4,-3E-5,-2.8E-6,-0.07,0.0,9.9,-0.1,9.9,-0.0358,-0.028,0.026,0.0,0.0,0.0
20.350,,,,,,,,,-0.0429,0.065,-0.065,0.0,0.0,0.0,,,,,,,,,,,,,,,,20.350,,,,,,,,,-0.0371,-0.027,0.008,0.0,0.0,0.0
20.400,-2E-4,-2E-5,-1.7E-6,-0.05,-0.3,9.9,-0.1,9.9,-0.0398,0.062,-0.054,0.0,0.0,0.0,,,,,,,,,,,,,,,,20.400,-3E-4,-3E-5,-2.9E-6,-0.08,0.4,9.9,-0.1,9.9,-0.0383,-0.027,0.003,0.0,0.0,0.0
20.450,,,,,,,,,-0.0369,0.060,-0.047,0.0,0.0,0.0,,,,,,,,,,,,,,,,20.450,,,,,,,,,-0.0398,-0.028,0.020,0.0,0.0,0.0
20.500,-2E-4,-2E-5,-1.7E-6,-0.04,-0.2,9.9,-0.1,9.9,-0.0337,0.058,-0.040,0.0,0.0,0.0,,,,,,,,,,,,,,,,20.500,-3E-4,-3E-5,-3.1E-6,-0.08,-0.1,9.9,-0.1,9.9,-0.0414,-0.026,0.044,0.0,0.0,0.0
20.550,,,,,,,,,-0.0309,0.055,-0.019,0.0,0.0,0.0,,,,,,,,,,,,,,,,20.550,,,,,,,,,-0.0424,-0.022,0.047,0.0,0.0,0.0
20.600,-2E-4,-2E-5,-1.6E-6,-0.04,0.0,10.0,-0.1,10.0,-0.0284,0.055,0.007,0.0,0.0,0.0,,,,,,,,,,,,,,,,20.600,-3E-4,-3E-5,-3.2E-6,-0.08,0.1,9.9,-0.1,9.9,-0.0434,-0.020,0.023,0.0,0.0,0.0
20.650,,,,,,,,,-0.0256,0.057,0.007,0.0,0.0,0.0,,,,,,,,,,,,,,,,20.650,,,,,,,,,-0.0444,-0.020,-0.009,0.0,0.0,0.0
20.700,-2E-4,-2E-5,-1.6E-6,-0.05,0.1,9.9,-0.1,9.9,-0.0226,0.058,-0.018,0.0,0.0,0.0,,,,,,,,,,,,,,,,20.700,-3E-4,-3E-5,-3.3E-6,-0.07,-0.1,10.0,-0.1,10.0,-0.0454,-0.021,-0.030,0.0,0.0,0.0
20.750,,,,,,,,,-0.0195,0.055,-0.026,0.0,0.0,0.0,,,,,,,,,,,,,,,,20.750,,,,,,,,,-0.0464,-0.023,-0.034,0.0,0.0,0.0
20.800,-2E-4,-2E-5,-1.6E-6,-0.04,0.0,10.0,-0.1,10.0,-0.0171,0.053,0.004,0.0,0.0,0.0,,,,,,,,,,,,,,,,20.800,-3E-4,-3E-5,-3.4E-6,-0.08,-0.1,10.0,-0.1,10.0,-0.0478,-0.025,-0.031,0.0,0.0,0.0
20.850,,,,,,,,,-0.0147,0.055,0.031,0.0,0.0,0.0,,,,,,,,,,,,,,,,20.850,,,,,,,,,-0.0490,-0.026,-0.032,0.0,0.0,0.0
20.900,-2E-4,-2E-5,-1.6E-6,-0.04,0.0,10.0,-0.1,10.0,-0.0116,0.059,0.013,0.0,0.0,0.0,,,,,,,,,,,,,,,,20.900,-4E-4,-4E-5,-3.6E-6,-0.07,-0.1,9.9,-0.1,9.9,-0.0503,-0.028,-0.038,0.0,0.0,0.0
20.950,,,,,,,,,-0.0085,0.058,-0.050,0.0,0.0,0.0,,,,,,,,,,,,,,,,20.950,,,,,,,,,-0.0518,-0.030,-0.039,0.0,0.0,0.0
21.000,-2E-4,-2E-5,-1.5E-6,-0.04,-0.3,9.9,-0.1,9.9,-0.0057,0.054,-0.139,0.0,0.0,0.0,,,,,,,,,,,,,,,,21.000,-4E-4,-4E-5,-3.8E-6,-0.08,0.1,9.9,-0.1,9.9,-0.0534,-0.032,-0.030,0.0,0.0,0.0
21.050,,,,,,,,,-0.0033,0.045,-0.228,0.0,0.0,0.0,,,,,,,,,,,,,,,,21.050,,,,,,,,,-0.0551,-0.034,-0.012,0.0,0.0,0.0
21.100,-2E-4,-2E-5,-1.5E-6,-0.04,-0.1,9.9,-0.1,9.9,-7.2757E-4,0.030,-0.276,0.0,0.0,0.0,,,,,,,,,,,,,,,,21.100,-4E-4,-4E-5,-4.0E-6,-0.07,0.0,9.9,-0.1,9.9,-0.0568,-0.034,0.007,0.0,0.0,0.0
21.150,,,,,,,,,-1.4463E-16,0.013,-0.241,0.0,0.0,0.0,,,,,,,,,,,,,,,,21.150,,,,,,,,,-0.0584,-0.033,0.023,0.0,0.0,0.0
21.200,-2E-4,-2E-5,-1.5E-6,-1.20,0.0,10.0,0.0,10.0,-1.4463E-16,0.002,-0.144,0.1,0.0,0.0,,,,,,,,,,,,,,,,21.200,-4E-4,-4E-5,-4.2E-6,-0.07,0.0,9.9,-0.1,9.9,-0.0600,-0.031,0.032,0.0,0.0,0.0
21.250,,,,,,,,,-1.4463E-16,0.000,-0.053,0.0,0.0,0.0,,,,,,,,,,,,,,,,21.250,,,,,,,,,-0.0616,-0.029,0.032,0.0,0.0,0.0
21.300,-2E-4,-2E-5,-1.5E-6,-1.37,0.0,10.0,-0.1,10.0,-1.4463E-16,0.000,-0.008,0.0,0.0,0.0,,,,,,,,,,,,,,,,21.300,-4E-4,-4E-5,-4.5E-6,-0.07,0.0,9.9,-0.1,9.9,-0.0629,-0.027,0.023,0.0,0.0,0.0
21.350,,,,,,,,,-1.4463E-16,0.000,0.000,0.0,0.0,0.0,,,,,,,,,,,,,,,,21.350,,,,,,,,,-0.0643,-0.027,0.011,0.0,0.0,0.0
21.400,-2E-4,-2E-5,-1.5E-6,-0.92,0.0,9.9,-0.1,9.9,-1.4463E-16,0.000,0.000,0.0,0.0,0.0,,,,,,,,,,,,,,,,21.400,-5E-4,-5E-5,-4.7E-6,-0.08,-0.1,9.9,-0.1,9.9,-0.0656,-0.027,0.003,0.0,0.0,0.0
21.450,,,,,,,,,-1.4463E-16,0.000,0.000,0.0,0.0,0.0,,,,,,,,,,,,,,,,21.450,,,,,,,,,-0.0669,-0.027,-0.001,0.0,0.0,0.0
21.500,-2E-4,-2E-5,-1.5E-6,-0.16,0.0,9.9,-0.1,9.9,-1.4463E-16,0.000,0.000,0.0,0.0,0.0,,,,,,,,,,,,,,,,21.500,-5E-4,-5E-5,-5.0E-6,-0.08,-0.1,9.9,-0.1,9.9,-0.0683,-0.027,-0.005,0.0,0.0,0.0
21.550,,,,,,,,,-1.4463E-16,0.000,0.000,0.0,0.0,0.0,,,,,,,,,,,,,,,,21.550,,,,,,,,,-0.0696,-0.027,-0.009,0.0,0.0,0.0
21.600,-2E-4,-2E-5,-1.5E-6,-0.06,0.0,10.0,-0.1,10.0,-1.4463E-16,0.000,0.000,0.0,0.0,0.0,,,,,,,,,,,,,,,,21.600,-5E-4,-5E-5,-5.3E-6,-0.08,-0.1,9.9,-0.1,9.9,-0.0709,-0.028,-0.009,0.0,0.0,0.0
21.650,,,,,,,,,-1.4463E-16,0.000,0.000,0.0,0.0,0.0,,,,,,,,,,,,,,,,21.650,,,,,,,,,-0.0724,-0.028,-0.005,0.0,0.0,0.0
21.700,-2E-4,-2E-5,-1.5E-6,-0.06,0.0,9.9,-0.1,9.9,-1.4463E-16,0.000,0.000,0.0,0.0,0.0,,,,,,,,,,,,,,,,21.700,-6E-4,-6E-5,-5.6E-6,-0.07,0.0,10.0,-0.1,10.0,-0.0738,-0.028,-0.003,0.0,0.0,0.0
21.750,,,,,,,,,-1.4463E-16,0.000,0.000,0.0,0.0,0.0,,,,,,,,,,,,,,,,21.750,,,,,,,,,-0.0752,-0.028,-0.004,0.0,0.0,0.0
21.800,-2E-4,-2E-5,-1.5E-6,-0.06,0.0,9.9,-0.1,9.9,-1.4463E-16,0.000,0.000,0.0,0.0,0.0,,,,,,,,,,,,,,,,21.800,-6E-4,-6E-5,-6.0E-6,-0.08,0.0,9.9,-0.1,9.9,-0.0766,-0.029,-0.004,0.0,0.0,0.0
21.850,,,,,,,,,-1.4463E-16,0.000,0.000,0.0,0.0,0.0,,,,,,,,,,,,,,,,21.850,,,,,,,,,-0.0781,-0.029,0.000,0.0,0.0,0.0
21.900,-2E-4,-2E-5,-1.6E-6,-0.06,0.0,9.9,0.0,9.9,-1.4463E-16,0.000,0.000,0.0,0.0,0.0,,,,,,,,,,,,,,,,21.900,-6E-4,-6E-5,-6.4E-6,-0.08,-0.1,9.9,-0.1,9.9,-0.0795,-0.029,0.005,0.0,0.0,0.0
21.950,,,,,,,,,-1.4463E-16,0.000,0.000,0.0,0.0,0.0,,,,,,,,,,,,,,,,21.950,,,,,,,,,-0.0810,-0.028,0.008,0.0,0.0,0.0
22.000,-2E-4,-2E-5,-1.6E-6,-0.06,0.0,9.9,0.0,9.9,-1.4463E-16,0.000,0.000,0.0,0.0,0.0,,,,,,,,,,,,,,,,22.000,-7E-4,-7E-5,-6.8E-6,-0.07,0.0,10.0,-0.1,10.0,-0.0823,-0.028,0.009,0.0,0.0,0.0
22.050,,,,,,,,,-1.4463E-16,0.000,0.000,0.0,0.0,0.0,,,,,,,,,,,,,,,,22.050,,,,,,,,,-0.0838,-0.027,0.015,0.0,0.0,0.0
22.100,-2E-4,-2E-5,-1.6E-6,-0.06,0.0,9.9,0.0,9.9,-1.4463E-16,0.000,0.000,0.0,0.0,0.0,,,,,,,,,,,,,,,,22.100,-7E-4,-7E-5,-7.3E-6,-0.07,-0.1,10.0,-0.1,10.0,-0.0851,-0.027,0.024,0.0,0.0,0.0
22.150,,,,,,,,,-1.4463E-16,0.000,0.000,0.0,0.0,0.0,,,,,,,,,,,,,,,,22.150,,,,,,,,,-0.0865,-0.025,0.031,0.0,0.0,0.0
22.200,-2E-4,-2E-5,-1.6E-6,-0.06,0.0,9.9,-0.1,9.9,-1.4463E-16,0.000,0.000,0.0,0.0,0.0,,,,,,,,,,,,,,,,22.200,-8E-4,-8E-5,-7.7E-6,-0.08,0.0,10.0,-0.1,10.0,-0.0877,-0.023,0.027,0.0,0.0,0.0
22.250,,,,,,,,,-1.4463E-16,0.000,0.000,0.0,0.0,0.0,,,,,,,,,,,,,,,,22.250,,,,,,,,,-0.0888,-0.022,0.013,0.0,0.0,0.0
22.300,-2E-4,-2E-5,-1.6E-6,-0.06,0.0,9.9,-0.1,9.9,-1.4463E-16,0.000,0.000,0.0,0.0,0.0,,,,,,,,,,,,,,,,22.300,-8E-4,-8E-5,-8.1E-6,-0.08,0.0,10.0,-0.1,10.0,-0.0897,-0.022,0.001,0.0,0.0,0.0
22.350,,,,,,,,,-1.4463E-16,0.000,0.000,0.0,0.0,0.0,,,,,,,,,,,,,,,,22.350,,,,,,,,,-0.0909,-0.022,-0.004,0.0,0.0,0.0
22.400,-2E-4,-2E-5,-1.6E-6,-0.06,0.0,9.9,-0.1,9.9,-1.4463E-16,0.000,0.000,0.0,0.0,0.0,,,,,,,,,,,,,,,,22.400,-9E-4,-9E-5,-8.6E-6,-0.08,0.0,9.9,-0.1,9.9,-0.0920,-0.022,-0.008,0.0,0.0,0.0
22.450,,,,,,,,,-1.4463E-16,0.000,0.000,0.0,0.0,0.0,,,,,,,,,,,,,,,,22.450,,,,,,,,,-0.0931,-0.023,-0.013,0.0,0.0,0.0
22.500,-2E-4,-2E-5,-1.5E-6,-0.07,0.0,9.9,-0.1,9.9,-1.4463E-16,0.000,0.000,0.0,0.0,0.0,,,,,,,,,,,,,,,,22.500,-9E-4,-9E-5,-9.1E-6,-0.07,0.0,9.9,0.0,9.9,-0.0942,-0.024,-0.015,0.0,0.0,0.0
22.550,,,,,,,,,-1.4463E-16,0.000,0.000,0.0,0.0,0.0,,,,,,,,,,,,,,,,22.550,,,,,,,,,-0.0956,-0.025,-0.007,0.0,0.0,0.0
22.600,-2E-4,-2E-5,-1.6E-6,-0.07,-9.7E-4,9.9,-0.1,9.9,-1.4463E-16,0.000,0.000,0.0,0.0,0.0,,,,,,,,,,,,,,,,22.600,-1E-3,-1E-4,-9.7E-6,-0.07,0.0,9.9,-0.1,9.9,-0.0968,-0.025,0.005,0.1,0.0,0.1
22.650,,,,,,,,,-1.4463E-16,0.000,,0.0,0.0,0.0,,,,,,,,,,,,,,,,22.650,,,,,,,,,-0.0980,-0.024,0.015,0.0,0.0,0.0
22.700,-2E-4,-2E-5,-1.6E-6,-0.07,0.0,9.9,-0.1,9.9,-1.4463E-16,0.000,,0.0,0.0,0.0,,,,,,,,,,,,,,,,22.700,0,-1E-4,-1.0E-5,-0.08,-0.1,10.0,-0.1,10.0,-0.0992,-0.023,0.018,0.0,0.0,0.0
22.750,,,,,,,,,-1.4463E-16,,,0.0,0.0,0.0,,,,,,,,,,,,,,,,22.750,,,,,,,,,-0.1003,-0.022,0.009,0.0,0.0,0.0
22.800,,,,-0.07,0.0,9.9,-0.1,9.9,,,,,,,,,,,,,,,,,,,,,,22.800,0,-1E-4,-1.1E-5,-0.08,-0.1,10.0,-0.1,10.0,-0.1014,-0.021,-0.011,0.0,0.0,0.0
,,,,,,,,,,,,,,,,,,,,,,,,,,,,,,22.850,,,,,,,,,-0.1023,-0.023,-0.036,0.0,0.0,0.0
,,,,,,,,,,,,,,,,,,,,,,,,,,,,,,22.900,0,-1E-4,-1.2E-5,-0.07,-0.1,10.0,-0.1,10.0,-0.1036,-0.025,-0.053,0.0,0.0,0.0
,,,,,,,,,,,,,,,,,,,,,,,,,,,,,,22.950,,,,,,,,,-0.1049,-0.029,-0.053,0.0,0.0,0.0
,,,,,,,,,,,,,,,,,,,,,,,,,,,,,,23.000,0,-1E-4,-1.3E-5,-0.08,-0.1,10.0,-0.1,10.0,-0.1065,-0.031,-0.039,0.0,0.0,0.0
,,,,,,,,,,,,,,,,,,,,,,,,,,,,,,23.050,,,,,,,,,-0.1080,-0.033,-0.023,0.0,0.0,0.0
,,,,,,,,,,,,,,,,,,,,,,,,,,,,,,23.100,0,-1E-4,-1.4E-5,-0.07,-0.1,9.9,-0.1,9.9,-0.1097,-0.033,-0.013,0.0,0.0,0.0
,,,,,,,,,,,,,,,,,,,,,,,,,,,,,,23.150,,,,,,,,,-0.1114,-0.034,-0.012,0.0,0.0,0.0
,,,,,,,,,,,,,,,,,,,,,,,,,,,,,,23.200,0,-2E-4,-1.6E-5,-0.07,0.0,10.0,-0.1,10.0,-0.1130,-0.034,-0.012,0.0,0.0,0.0
,,,,,,,,,,,,,,,,,,,,,,,,,,,,,,23.250,,,,,,,,,-0.1148,-0.035,-0.004,0.0,0.0,0.0
,,,,,,,,,,,,,,,,,,,,,,,,,,,,,,23.300,0,-2E-4,-1.8E-5,-0.07,0.1,10.0,-0.1,10.0,-0.1167,-0.035,0.009,0.0,0.0,0.0
,,,,,,,,,,,,,,,,,,,,,,,,,,,,,,23.350,,,,,,,,,-0.1184,-0.034,0.018,0.0,0.0,0.0
,,,,,,,,,,,,,,,,,,,,,,,,,,,,,,23.400,0,-2E-4,-2.0E-5,-0.08,0.0,9.9,-0.1,9.9,-0.1200,-0.033,0.012,0.0,0.0,0.0
,,,,,,,,,,,,,,,,,,,,,,,,,,,,,,23.450,,,,,,,,,-0.1216,-0.032,-0.004,0.0,0.0,0.0
,,,,,,,,,,,,,,,,,,,,,,,,,,,,,,23.500,0,-2E-4,-2.3E-5,-0.08,-0.1,9.9,-0.1,9.9,-0.1232,-0.033,-0.019,0.0,0.0,0.0
,,,,,,,,,,,,,,,,,,,,,,,,,,,,,,23.550,,,,,,,,,-0.1249,-0.035,-0.022,0.0,0.0,0.0
,,,,,,,,,,,,,,,,,,,,,,,,,,,,,,23.600,0,-3E-4,-2.7E-5,-0.07,0.0,9.9,-0.1,9.9,-0.1267,-0.036,-0.012,0.0,0.0,0.0
,,,,,,,,,,,,,,,,,,,,,,,,,,,,,,23.650,,,,,,,,,-0.1285,-0.036,-0.001,0.0,0.0,0.0
,,,,,,,,,,,,,,,,,,,,,,,,,,,,,,23.700,0,-3E-4,-3.1E-5,-0.08,0.1,10.0,-0.1,10.0,-0.1304,-0.036,-0.001,0.0,0.0,0.0
,,,,,,,,,,,,,,,,,,,,,,,,,,,,,,23.750,,,,,,,,,-0.1321,-0.036,-0.018,0.0,0.0,0.0
,,,,,,,,,,,,,,,,,,,,,,,,,,,,,,23.800,0,-4E-4,-3.6E-5,-0.07,0.0,10.0,-0.1,10.0,-0.1339,-0.037,-0.040,0.0,0.0,0.0
,,,,,,,,,,,,,,,,,,,,,,,,,,,,,,23.850,,,,,,,,,-0.1357,-0.040,-0.050,0.0,0.0,0.0
,,,,,,,,,,,,,,,,,,,,,,,,,,,,,,23.900,0,-4E-4,-4.4E-5,-0.08,0.3,10.0,-0.1,10.0,-0.1378,-0.043,-0.030,0.0,0.0,0.0
,,,,,,,,,,,,,,,,,,,,,,,,,,,,,,23.950,,,,,,,,,-0.1402,-0.044,0.016,0.0,0.0,0.0
,,,,,,,,,,,,,,,,,,,,,,,,,,,,,,24.000,0,-5E-4,-5.4E-5,-0.08,0.3,10.0,-0.1,10.0,-0.1424,-0.042,0.062,0.0,0.0,0.0
,,,,,,,,,,,,,,,,,,,,,,,,,,,,,,24.050,,,,,,,,,-0.1443,-0.037,0.086,0.0,0.0,0.0
,,,,,,,,,,,,,,,,,,,,,,,,,,,,,,24.100,0,-6E-4,-6.5E-5,-0.08,0.1,9.9,-0.1,9.9,-0.1461,-0.032,0.084,0.0,0.0,0.0
,,,,,,,,,,,,,,,,,,,,,,,,,,,,,,24.150,,,,,,,,,-0.1475,-0.028,0.061,0.0,0.0,0.0
,,,,,,,,,,,,,,,,,,,,,,,,,,,,,,24.200,0,-7E-4,-7.5E-5,-0.07,0.0,10.0,-0.1,10.0,-0.1488,-0.025,0.031,0.0,0.0,0.0
,,,,,,,,,,,,,,,,,,,,,,,,,,,,,,24.250,,,,,,,,,-0.1500,-0.025,0.007,0.0,0.0,0.0
,,,,,,,,,,,,,,,,,,,,,,,,,,,,,,24.300,0,-9E-4,-8.6E-5,-0.07,-0.2,10.0,-0.1,10.0,-0.1512,-0.025,-0.004,0.0,0.0,0.0
,,,,,,,,,,,,,,,,,,,,,,,,,,,,,,24.350,,,,,,,,,-0.1525,-0.026,-0.004,0.0,0.0,0.0
,,,,,,,,,,,,,,,,,,,,,,,,,,,,,,24.400,0,-1E-3,-9.9E-5,-0.07,-9.7E-4,10.0,-0.1,10.0,-0.1539,-0.026,-0.005,0.0,0.0,0.0
,,,,,,,,,,,,,,,,,,,,,,,,,,,,,,24.450,,,,,,,,,-0.1551,-0.026,-0.015,0.0,0.0,0.0
,,,,,,,,,,,,,,,,,,,,,,,,,,,,,,24.500,0,0,-1.2E-4,-0.07,0.0,10.0,-0.1,10.0,-0.1564,-0.027,-0.026,0.0,0.0,0.0
,,,,,,,,,,,,,,,,,,,,,,,,,,,,,,24.550,,,,,,,,,-0.1578,-0.029,-0.027,0.0,0.0,0.0
,,,,,,,,,,,,,,,,,,,,,,,,,,,,,,24.600,0,0,-1.4E-4,-0.07,0.0,10.0,-0.1,10.0,-0.1593,-0.030,-0.013,0.0,0.0,0.0
,,,,,,,,,,,,,,,,,,,,,,,,,,,,,,24.650,,,,,,,,,-0.1609,-0.031,0.008,0.0,0.0,0.0
,,,,,,,,,,,,,,,,,,,,,,,,,,,,,,24.700,0,0,-1.7E-4,-0.08,-0.1,10.0,-0.1,10.0,-0.1624,-0.030,0.027,0.0,0.0,0.0
,,,,,,,,,,,,,,,,,,,,,,,,,,,,,,24.750,,,,,,,,,-0.1639,-0.027,0.036,0.0,0.0,0.0
,,,,,,,,,,,,,,,,,,,,,,,,,,,,,,24.800,0,0,-2.1E-4,-0.07,0.1,10.0,-0.1,10.0,-0.1652,-0.025,0.034,0.0,0.0,0.0
,,,,,,,,,,,,,,,,,,,,,,,,,,,,,,24.850,,,,,,,,,-0.1664,-0.024,0.026,0.0,0.0,0.0
,,,,,,,,,,,,,,,,,,,,,,,,,,,,,,24.900,0,0,-2.4E-4,-0.08,0.0,10.0,-0.1,10.0,-0.1676,-0.023,0.023,0.0,0.0,0.0
,,,,,,,,,,,,,,,,,,,,,,,,,,,,,,24.950,,,,,,,,,-0.1687,-0.022,0.031,0.0,0.0,0.0
,,,,,,,,,,,,,,,,,,,,,,,,,,,,,,25.000,0,0,-2.8E-4,-0.07,-0.1,10.0,-0.1,10.0,-0.1698,-0.020,0.043,0.0,0.0,0.0
,,,,,,,,,,,,,,,,,,,,,,,,,,,,,,25.050,,,,,,,,,-0.1709,-0.017,0.044,0.0,0.0,0.0
,,,,,,,,,,,,,,,,,,,,,,,,,,,,,,25.100,0,0,-3.1E-4,-0.08,-0.1,10.0,-0.1,10.0,-0.1715,-0.015,0.031,0.0,0.0,0.0
,,,,,,,,,,,,,,,,,,,,,,,,,,,,,,25.150,,,,,,,,,-0.1722,-0.014,0.016,0.0,0.0,0.0
,,,,,,,,,,,,,,,,,,,,,,,,,,,,,,25.200,0,0,-3.5E-4,-0.08,0.0,9.9,-0.1,9.9,-0.1729,-0.014,0.012,0.0,0.0,0.0
,,,,,,,,,,,,,,,,,,,,,,,,,,,,,,25.250,,,,,,,,,-0.1736,-0.013,0.015,0.0,0.0,0.0
,,,,,,,,,,,,,,,,,,,,,,,,,,,,,,25.300,0,0,-3.8E-4,-0.08,0.1,10.0,-0.1,10.0,-0.1743,-0.012,0.013,0.0,0.0,0.0
,,,,,,,,,,,,,,,,,,,,,,,,,,,,,,25.350,,,,,,,,,-0.1749,-0.012,0.007,0.0,0.0,0.0
,,,,,,,,,,,,,,,,,,,,,,,,,,,,,,25.400,0,0,-4.1E-4,-0.08,0.0,9.9,-0.1,9.9,-0.1753,-0.012,0.001,0.0,0.0,0.0
,,,,,,,,,,,,,,,,,,,,,,,,,,,,,,25.450,,,,,,,,,-0.1761,-0.012,0.001,0.0,0.0,0.0
,,,,,,,,,,,,,,,,,,,,,,,,,,,,,,25.500,0,0,-4.4E-4,-0.08,0.0,9.9,-0.1,9.9,-0.1766,-0.012,0.003,0.0,0.0,0.0
,,,,,,,,,,,,,,,,,,,,,,,,,,,,,,25.550,,,,,,,,,-0.1772,-0.011,0.003,0.0,0.0,0.0
,,,,,,,,,,,,,,,,,,,,,,,,,,,,,,25.600,0,0,-4.7E-4,-0.07,0.0,10.0,-0.1,10.0,-0.1778,-0.011,0.001,0.0,0.0,0.0
,,,,,,,,,,,,,,,,,,,,,,,,,,,,,,25.650,,,,,,,,,-0.1783,-0.011,0.001,0.0,0.0,0.0
,,,,,,,,,,,,,,,,,,,,,,,,,,,,,,25.700,0,0,-5.0E-4,-0.07,0.0,9.9,-0.1,9.9,-0.1789,-0.011,0.004,0.0,0.0,0.0
,,,,,,,,,,,,,,,,,,,,,,,,,,,,,,25.750,,,,,,,,,-0.1795,-0.011,0.007,0.0,0.0,0.0
,,,,,,,,,,,,,,,,,,,,,,,,,,,,,,25.800,0,0,-5.3E-4,-0.07,0.0,9.9,-0.1,9.9,-0.1800,-0.011,0.008,0.0,0.0,0.0
,,,,,,,,,,,,,,,,,,,,,,,,,,,,,,25.850,,,,,,,,,-0.1804,-0.010,0.008,0.0,0.0,0.0
,,,,,,,,,,,,,,,,,,,,,,,,,,,,,,25.900,0,0,-5.5E-4,-0.08,0.1,9.9,-0.1,9.9,-0.1810,-0.010,0.008,0.0,0.0,0.0
,,,,,,,,,,,,,,,,,,,,,,,,,,,,,,25.950,,,,,,,,,-0.1814,-0.009,0.008,0.0,0.0,0.0
,,,,,,,,,,,,,,,,,,,,,,,,,,,,,,26.000,0,0,-5.7E-4,-0.08,0.0,9.9,-0.1,9.9,-0.1819,-0.009,0.011,0.0,0.0,0.0
,,,,,,,,,,,,,,,,,,,,,,,,,,,,,,26.050,,,,,,,,,-0.1824,-0.008,0.018,0.0,0.0,0.0
,,,,,,,,,,,,,,,,,,,,,,,,,,,,,,26.100,0,0,-5.8E-4,-0.08,0.0,9.9,-0.1,9.9,-0.1827,-0.007,0.026,0.0,0.0,0.0
,,,,,,,,,,,,,,,,,,,,,,,,,,,,,,26.150,,,,,,,,,-0.1831,-0.006,0.031,0.0,0.0,0.0
,,,,,,,,,,,,,,,,,,,,,,,,,,,,,,26.200,0,0,-5.8E-4,-0.08,0.0,10.0,-0.1,10.0,-0.1833,-0.004,0.028,0.0,0.0,0.0
,,,,,,,,,,,,,,,,,,,,,,,,,,,,,,26.250,,,,,,,,,-0.1835,-0.002,0.019,0.0,0.0,0.0
,,,,,,,,,,,,,,,,,,,,,,,,,,,,,,26.300,0,0,-5.8E-4,-0.08,0.0,9.9,-0.1,9.9,-0.1836,-0.002,0.008,0.0,0.0,0.0
,,,,,,,,,,,,,,,,,,,,,,,,,,,,,,26.350,,,,,,,,,-0.1836,-0.002,0.003,0.0,0.0,0.0
,,,,,,,,,,,,,,,,,,,,,,,,,,,,,,26.400,0,0,-5.8E-4,-0.07,0.1,9.9,-0.1,9.9,-0.1838,-0.002,0.005,0.0,0.0,0.0
,,,,,,,,,,,,,,,,,,,,,,,,,,,,,,26.450,,,,,,,,,-0.1838,-0.002,0.008,0.0,0.0,0.0
,,,,,,,,,,,,,,,,,,,,,,,,,,,,,,26.500,0,0,-5.8E-4,-0.07,0.0,10.0,-0.1,10.0,-0.1840,-8.084E-4,0.007,0.0,0.0,0.0
,,,,,,,,,,,,,,,,,,,,,,,,,,,,,,26.550,,,,,,,,,-0.1840,-8.084E-4,0.003,0.0,0.0,0.0
,,,,,,,,,,,,,,,,,,,,,,,,,,,,,,26.600,0,0,-5.8E-4,-0.08,-0.1,9.9,-0.1,9.9,-0.1840,-8.084E-4,1.897E-15,0.0,0.0,0.0
,,,,,,,,,,,,,,,,,,,,,,,,,,,,,,26.650,,,,,,,,,-0.1841,-8.084E-4,-0.001,0.0,0.0,0.0
,,,,,,,,,,,,,,,,,,,,,,,,,,,,,,26.700,0,0,-5.8E-4,-0.07,0.0,9.9,-0.1,9.9,-0.1841,-8.084E-4,-0.004,0.0,0.0,0.0
,,,,,,,,,,,,,,,,,,,,,,,,,,,,,,26.750,,,,,,,,,-0.1841,-0.001,-0.004,0.0,0.0,0.0
,,,,,,,,,,,,,,,,,,,,,,,,,,,,,,26.800,0,0,-5.8E-4,-0.08,0.0,9.9,-0.1,9.9,-0.1842,-0.002,0.001,0.0,0.0,0.0
,,,,,,,,,,,,,,,,,,,,,,,,,,,,,,26.850,,,,,,,,,-0.1843,-0.001,0.009,0.0,0.0,0.0
,,,,,,,,,,,,,,,,,,,,,,,,,,,,,,26.900,0,0,-5.8E-4,-0.08,0.1,9.9,-0.1,9.9,-0.1843,-4.042E-4,0.015,0.0,0.0,0.0
,,,,,,,,,,,,,,,,,,,,,,,,,,,,,,26.950,,,,,,,,,-0.1843,4.042E-4,0.015,0.0,0.0,0.0
,,,,,,,,,,,,,,,,,,,,,,,,,,,,,,27.000,0,0,-5.8E-4,-0.07,0.0,9.9,-0.1,9.9,-0.1843,0.001,0.009,0.0,0.0,0.0
,,,,,,,,,,,,,,,,,,,,,,,,,,,,,,27.050,,,,,,,,,-0.1842,0.002,-1.945E-15,0.0,0.0,0.0
,,,,,,,,,,,,,,,,,,,,,,,,,,,,,,27.100,0,0,-5.8E-4,-0.08,-0.1,10.0,-0.1,10.0,-0.1841,0.001,-0.008,0.0,0.0,0.0
,,,,,,,,,,,,,,,,,,,,,,,,,,,,,,27.150,,,,,,,,,-0.1841,4.042E-4,-0.008,0.0,0.0,0.0
,,,,,,,,,,,,,,,,,,,,,,,,,,,,,,27.200,0,0,-5.8E-4,-0.08,0.0,9.9,-0.1,9.9,-0.1841,0.000,-0.001,0.0,0.0,0.0
,,,,,,,,,,,,,,,,,,,,,,,,,,,,,,27.250,,,,,,,,,-0.1841,4.042E-4,0.005,0.0,0.0,0.0
,,,,,,,,,,,,,,,,,,,,,,,,,,,,,,27.300,0,0,-5.8E-4,-0.07,0.0,9.9,-0.1,9.9,-0.1841,8.084E-4,0.007,0.0,0.0,0.0
,,,,,,,,,,,,,,,,,,,,,,,,,,,,,,27.350,,,,,,,,,-0.1840,0.001,0.005,0.0,0.0,0.0
,,,,,,,,,,,,,,,,,,,,,,,,,,,,,,27.400,0,0,-5.8E-4,-0.07,0.0,10.0,-0.1,10.0,-0.1840,0.001,0.007,0.0,0.0,0.0
,,,,,,,,,,,,,,,,,,,,,,,,,,,,,,27.450,,,,,,,,,-0.1838,0.002,0.011,0.0,0.0,0.0
,,,,,,,,,,,,,,,,,,,,,,,,,,,,,,27.500,0,0,-5.8E-4,-0.07,0.0,9.9,-0.1,9.9,-0.1838,0.002,0.013,0.0,0.0,0.0
,,,,,,,,,,,,,,,,,,,,,,,,,,,,,,27.550,,,,,,,,,-0.1836,0.003,0.011,0.0,0.0,0.0
,,,,,,,,,,,,,,,,,,,,,,,,,,,,,,27.600,0,0,-5.8E-4,-0.08,0.0,9.9,-0.1,9.9,-0.1835,0.004,0.007,0.0,0.0,0.0
,,,,,,,,,,,,,,,,,,,,,,,,,,,,,,27.650,,,,,,,,,-0.1832,0.004,0.005,0.0,0.0,0.0
,,,,,,,,,,,,,,,,,,,,,,,,,,,,,,27.700,0,0,-5.8E-4,-0.07,0.1,9.9,-0.1,9.9,-0.1831,0.004,0.004,0.0,0.0,0.0
,,,,,,,,,,,,,,,,,,,,,,,,,,,,,,27.750,,,,,,,,,-0.1829,0.004,-0.003,0.0,0.0,0.0
,,,,,,,,,,,,,,,,,,,,,,,,,,,,,,27.800,0,0,-5.7E-4,-0.07,0.0,9.9,-0.1,9.9,-0.1826,0.004,-0.013,0.0,0.0,0.0
,,,,,,,,,,,,,,,,,,,,,,,,,,,,,,27.850,,,,,,,,,-0.1824,0.003,-0.020,0.0,0.0,0.0
,,,,,,,,,,,,,,,,,,,,,,,,,,,,,,27.900,0,0,-5.7E-4,-0.07,0.0,10.0,-0.1,10.0,-0.1824,0.002,-0.019,0.0,0.0,0.0
,,,,,,,,,,,,,,,,,,,,,,,,,,,,,,27.950,,,,,,,,,-0.1823,8.084E-4,-0.012,0.0,0.0,0.0
,,,,,,,,,,,,,,,,,,,,,,,,,,,,,,28.000,0,0,-5.7E-4,-0.08,-9.7E-4,9.9,-0.1,9.9,-0.1823,4.042E-4,1.730E-15,0.0,0.0,0.0
,,,,,,,,,,,,,,,,,,,,,,,,,,,,,,28.050,,,,,,,,,-0.1823,4.042E-4,0.019,0.0,0.0,0.0
,,,,,,,,,,,,,,,,,,,,,,,,,,,,,,28.100,0,0,-5.7E-4,-0.08,0.0,10.0,-0.1,10.0,-0.1823,0.002,0.039,0.0,0.0,0.0
,,,,,,,,,,,,,,,,,,,,,,,,,,,,,,28.150,,,,,,,,,-0.1821,0.005,0.051,0.0,0.0,0.0
,,,,,,,,,,,,,,,,,,,,,,,,,,,,,,28.200,0,0,-5.6E-4,-0.07,0.0,10.0,-0.1,10.0,-0.1818,0.008,0.054,0.0,0.0,0.0
,,,,,,,,,,,,,,,,,,,,,,,,,,,,,,28.250,,,,,,,,,-0.1813,0.010,0.059,0.0,0.0,0.0
,,,,,,,,,,,,,,,,,,,,,,,,,,,,,,28.300,0,0,-5.3E-4,-0.07,0.1,9.9,-0.1,9.9,-0.1808,0.013,0.075,0.0,0.0,0.0
,,,,,,,,,,,,,,,,,,,,,,,,,,,,,,28.350,,,,,,,,,-0.1801,0.017,0.096,0.0,0.0,0.0
,,,,,,,,,,,,,,,,,,,,,,,,,,,,,,28.400,0,0,-4.8E-4,-0.07,0.1,10.0,-0.1,10.0,-0.1791,0.023,0.104,0.0,0.0,0.0
,,,,,,,,,,,,,,,,,,,,,,,,,,,,,,28.450,,,,,,,,,-0.1778,0.029,0.092,0.0,0.0,0.0
,,,,,,,,,,,,,,,,,,,,,,,,,,,,,,28.500,0,0,-3.9E-4,-0.07,0.0,10.0,-0.1,10.0,-0.1762,0.033,0.067,0.0,0.0,0.0
,,,,,,,,,,,,,,,,,,,,,,,,,,,,,,28.550,,,,,,,,,-0.1744,0.035,0.047,0.0,0.0,0.0
,,,,,,,,,,,,,,,,,,,,,,,,,,,,,,28.600,0,0,-3.1E-4,-0.08,0.0,10.0,-0.1,10.0,-0.1727,0.037,0.040,0.0,0.0,0.0
,,,,,,,,,,,,,,,,,,,,,,,,,,,,,,28.650,,,,,,,,,-0.1707,0.039,0.044,0.0,0.0,0.0
,,,,,,,,,,,,,,,,,,,,,,,,,,,,,,28.700,0,0,-2.3E-4,-0.07,0.0,9.9,-0.1,9.9,-0.1688,0.041,0.053,0.0,0.0,0.0
,,,,,,,,,,,,,,,,,,,,,,,,,,,,,,28.750,,,,,,,,,-0.1666,0.044,0.059,0.0,0.0,0.0
,,,,,,,,,,,,,,,,,,,,,,,,,,,,,,28.800,0,0,-1.7E-4,-0.08,0.1,9.9,-0.1,9.9,-0.1644,0.047,0.061,0.0,0.0,0.0
,,,,,,,,,,,,,,,,,,,,,,,,,,,,,,28.850,,,,,,,,,-0.1619,0.051,0.051,0.0,0.0,0.0
,,,,,,,,,,,,,,,,,,,,,,,,,,,,,,28.900,0,0,-1.2E-4,-0.08,0.0,9.9,-0.1,9.9,-0.1593,0.053,0.031,0.0,0.0,0.0
,,,,,,,,,,,,,,,,,,,,,,,,,,,,,,28.950,,,,,,,,,-0.1565,0.054,0.008,0.0,0.0,0.0
,,,,,,,,,,,,,,,,,,,,,,,,,,,,,,29.000,0,-9E-4,-8.8E-5,-0.07,0.0,9.9,-0.1,9.9,-0.1539,0.053,-0.005,0.0,0.0,0.0
,,,,,,,,,,,,,,,,,,,,,,,,,,,,,,29.050,,,,,,,,,-0.1512,0.053,-0.004,0.0,0.0,0.0
,,,,,,,,,,,,,,,,,,,,,,,,,,,,,,29.100,0,-7E-4,-6.6E-5,-0.07,-0.1,10.0,-0.1,10.0,-0.1487,0.053,0.009,0.0,0.0,0.0
,,,,,,,,,,,,,,,,,,,,,,,,,,,,,,29.150,,,,,,,,,-0.1460,0.053,0.028,0.0,0.0,0.0
,,,,,,,,,,,,,,,,,,,,,,,,,,,,,,29.200,0,-5E-4,-5.0E-5,-0.07,0.1,9.9,-0.1,9.9,-0.1433,0.055,0.046,0.0,0.0,0.0
,,,,,,,,,,,,,,,,,,,,,,,,,,,,,,29.250,,,,,,,,,-0.1405,0.058,0.055,0.0,0.0,0.0
,,,,,,,,,,,,,,,,,,,,,,,,,,,,,,29.300,0,-4E-4,-3.8E-5,-0.07,-9.7E-4,9.9,-0.1,9.9,-0.1375,0.061,0.055,0.0,0.0,0.0
,,,,,,,,,,,,,,,,,,,,,,,,,,,,,,29.350,,,,,,,,,-0.1344,0.064,0.051,0.0,0.0,0.0
,,,,,,,,,,,,,,,,,,,,,,,,,,,,,,29.400,0,-3E-4,-2.9E-5,-0.07,0.1,10.0,-0.1,10.0,-0.1311,0.066,0.047,0.0,0.0,0.0
,,,,,,,,,,,,,,,,,,,,,,,,,,,,,,29.450,,,,,,,,,-0.1278,0.069,0.040,0.0,0.0,0.0
,,,,,,,,,,,,,,,,,,,,,,,,,,,,,,29.500,0,-2E-4,-2.2E-5,-0.07,0.0,9.9,-0.1,9.9,-0.1242,0.071,0.027,0.0,0.0,0.0
,,,,,,,,,,,,,,,,,,,,,,,,,,,,,,29.550,,,,,,,,,-0.1207,0.072,0.012,0.0,0.0,0.0
,,,,,,,,,,,,,,,,,,,,,,,,,,,,,,29.600,0,-2E-4,-1.7E-5,-0.07,0.1,9.9,-0.1,9.9,-0.1170,0.072,-5.551E-15,0.0,0.0,0.0
,,,,,,,,,,,,,,,,,,,,,,,,,,,,,,29.650,,,,,,,,,-0.1135,0.072,-0.012,0.0,0.0,0.0
,,,,,,,,,,,,,,,,,,,,,,,,,,,,,,29.700,0,-1E-4,-1.3E-5,-0.07,-0.1,9.9,-0.1,9.9,-0.1099,0.071,-0.030,0.0,0.0,0.0
,,,,,,,,,,,,,,,,,,,,,,,,,,,,,,29.750,,,,,,,,,-0.1063,0.069,-0.047,0.0,0.0,0.0
,,,,,,,,,,,,,,,,,,,,,,,,,,,,,,29.800,0,-1E-4,-1.1E-5,-0.08,-0.1,9.9,-0.1,9.9,-0.1030,0.065,-0.055,0.0,0.0,0.0
,,,,,,,,,,,,,,,,,,,,,,,,,,,,,,29.850,,,,,,,,,-0.0998,0.063,-0.054,0.0,0.0,0.0
,,,,,,,,,,,,,,,,,,,,,,,,,,,,,,29.900,-9E-4,-9E-5,-9.3E-6,-0.07,-0.2,9.9,-0.2,9.9,-0.0968,0.060,-0.050,0.0,0.0,0.0
,,,,,,,,,,,,,,,,,,,,,,,,,,,,,,29.950,,,,,,,,,-0.0937,0.058,-0.046,0.0,0.0,0.0
,,,,,,,,,,,,,,,,,,,,,,,,,,,,,,30.000,-8E-4,-8E-5,-8.0E-6,-0.08,-0.3,9.9,-0.2,9.9,-0.0909,0.055,-0.034,0.1,0.0,0.0
,,,,,,,,,,,,,,,,,,,,,,,,,,,,,,30.050,,,,,,,,,-0.0883,0.054,-0.009,0.0,0.0,0.0
,,,,,,,,,,,,,,,,,,,,,,,,,,,,,,30.100,-7E-4,-7E-5,-7.1E-6,-0.07,-0.1,10.0,-0.1,10.0,-0.0856,0.054,0.020,0.0,0.0,0.0
,,,,,,,,,,,,,,,,,,,,,,,,,,,,,,30.150,,,,,,,,,-0.0829,0.056,0.040,0.0,0.0,0.0
,,,,,,,,,,,,,,,,,,,,,,,,,,,,,,30.200,-6E-4,-6E-5,-6.2E-6,-0.08,0.0,9.9,-0.1,9.9,-0.0800,0.059,0.040,0.0,0.0,0.0
,,,,,,,,,,,,,,,,,,,,,,,,,,,,,,30.250,,,,,,,,,-0.0770,0.061,0.023,0.0,0.0,0.0
,,,,,,,,,,,,,,,,,,,,,,,,,,,,,,30.300,-5E-4,-5E-5,-5.4E-6,-0.07,0.1,9.9,-0.1,9.9,-0.0738,0.061,0.001,0.0,0.0,0.0
,,,,,,,,,,,,,,,,,,,,,,,,,,,,,,30.350,,,,,,,,,-0.0708,0.061,-0.011,0.0,0.0,0.0
,,,,,,,,,,,,,,,,,,,,,,,,,,,,,,30.400,-5E-4,-5E-5,-4.8E-6,-0.07,0.1,10.0,-0.1,10.0,-0.0678,0.060,-0.011,0.0,0.0,0.0
,,,,,,,,,,,,,,,,,,,,,,,,,,,,,,30.450,,,,,,,,,-0.0649,0.059,-0.004,0.0,0.0,0.0
,,,,,,,,,,,,,,,,,,,,,,,,,,,,,,30.500,-4E-4,-4E-5,-4.3E-6,-0.08,0.1,9.9,-0.1,9.9,-0.0618,0.059,0.003,0.0,0.0,0.0
,,,,,,,,,,,,,,,,,,,,,,,,,,,,,,30.550,,,,,,,,,-0.0589,0.060,0.005,0.0,0.0,0.0
,,,,,,,,,,,,,,,,,,,,,,,,,,,,,,30.600,-4E-4,-4E-5,-3.9E-6,-0.07,0.1,9.9,-0.1,9.9,-0.0559,0.060,-4.233E-15,0.0,0.0,0.0
,,,,,,,,,,,,,,,,,,,,,,,,,,,,,,30.650,,,,,,,,,-0.0529,0.060,-0.013,0.0,0.0,0.0
,,,,,,,,,,,,,,,,,,,,,,,,,,,,,,30.700,-3E-4,-3E-5,-3.5E-6,-0.07,0.0,9.9,-0.1,9.9,-0.0498,0.059,-0.030,0.0,0.0,0.0
,,,,,,,,,,,,,,,,,,,,,,,,,,,,,,30.750,,,,,,,,,-0.0469,0.057,-0.040,0.0,0.0,0.0
,,,,,,,,,,,,,,,,,,,,,,,,,,,,,,30.800,-3E-4,-3E-5,-3.2E-6,-0.08,-0.1,9.9,-0.1,9.9,-0.0441,0.055,-0.046,0.0,0.0,0.0
,,,,,,,,,,,,,,,,,,,,,,,,,,,,,,30.850,,,,,,,,,-0.0415,0.053,-0.055,0.0,0.0,0.0
,,,,,,,,,,,,,,,,,,,,,,,,,,,,,,30.900,-3E-4,-3E-5,-3.0E-6,-0.07,0.2,9.9,-0.1,9.9,-0.0389,0.050,-0.071,0.0,0.0,0.0
,,,,,,,,,,,,,,,,,,,,,,,,,,,,,,30.950,,,,,,,,,-0.0364,0.045,-0.081,0.0,0.0,0.0
,,,,,,,,,,,,,,,,,,,,,,,,,,,,,,31.000,-3E-4,-3E-5,-2.8E-6,-0.07,0.0,10.0,-0.1,10.0,-0.0343,0.040,-0.062,0.0,0.0,0.0
,,,,,,,,,,,,,,,,,,,,,,,,,,,,,,31.050,,,,,,,,,-0.0325,0.038,-0.016,0.0,0.0,0.0
,,,,,,,,,,,,,,,,,,,,,,,,,,,,,,31.100,-3E-4,-3E-5,-2.7E-6,-0.07,0.1,10.0,-0.1,10.0,-0.0307,0.039,0.027,0.0,0.0,0.0
,,,,,,,,,,,,,,,,,,,,,,,,,,,,,,31.150,,,,,,,,,-0.0287,0.042,0.034,0.0,0.0,0.0
,,,,,,,,,,,,,,,,,,,,,,,,,,,,,,31.200,-3E-4,-3E-5,-2.5E-6,-0.08,0.0,9.9,-0.1,9.9,-0.0264,0.044,-0.005,0.0,0.0,0.0
,,,,,,,,,,,,,,,,,,,,,,,,,,,,,,31.250,,,,,,,,,-0.0241,0.042,-0.062,0.0,0.0,0.0
,,,,,,,,,,,,,,,,,,,,,,,,,,,,,,31.300,-2E-4,-2E-5,-2.4E-6,-0.08,0.0,9.9,-0.1,9.9,-0.0221,0.037,-0.092,0.0,0.0,0.0
,,,,,,,,,,,,,,,,,,,,,,,,,,,,,,31.350,,,,,,,,,-0.0204,0.031,-0.067,0.0,0.0,0.0
,,,,,,,,,,,,,,,,,,,,,,,,,,,,,,31.400,-2E-4,-2E-5,-2.3E-6,-0.07,0.0,9.9,-0.1,9.9,-0.0192,0.028,-0.001,0.0,0.0,0.0
,,,,,,,,,,,,,,,,,,,,,,,,,,,,,,31.450,,,,,,,,,-0.0178,0.031,0.059,0.0,0.0,0.0
,,,,,,,,,,,,,,,,,,,,,,,,,,,,,,31.500,-2E-4,-2E-5,-2.3E-6,-0.07,0.1,9.9,-0.1,9.9,-0.0161,0.036,0.077,0.0,0.0,0.0
,,,,,,,,,,,,,,,,,,,,,,,,,,,,,,31.550,,,,,,,,,-0.0142,0.040,0.051,0.0,0.0,0.0
,,,,,,,,,,,,,,,,,,,,,,,,,,,,,,31.600,-2E-4,-2E-5,-2.2E-6,-0.07,-0.1,10.0,-0.1,10.0,-0.0119,0.042,0.013,0.0,0.0,0.0
,,,,,,,,,,,,,,,,,,,,,,,,,,,,,,31.650,,,,,,,,,-0.0099,0.041,-0.005,0.0,0.0,0.0
,,,,,,,,,,,,,,,,,,,,,,,,,,,,,,31.700,-2E-4,-2E-5,-2.1E-6,-0.08,-0.2,9.9,-0.1,9.9,-0.0079,0.040,-0.004,0.0,0.0,0.0
,,,,,,,,,,,,,,,,,,,,,,,,,,,,,,31.750,,,,,,,,,-0.0059,0.040,-0.016,0.0,0.0,0.0
,,,,,,,,,,,,,,,,,,,,,,,,,,,,,,31.800,-2E-4,-2E-5,-2.0E-6,-0.08,-0.1,9.9,-0.1,9.9,-0.0039,0.041,-0.077,0.0,0.0,0.0
,,,,,,,,,,,,,,,,,,,,,,,,,,,,,,31.850,,,,,,,,,-0.0018,0.035,-0.168,0.0,0.0,0.0
,,,,,,,,,,,,,,,,,,,,,,,,,,,,,,31.900,-2E-4,-2E-5,-1.9E-6,-1.04,-1.6,10.0,-0.1,10.1,2.4252E-4,0.022,-0.222,0.0,0.0,0.0
,,,,,,,,,,,,,,,,,,,,,,,,,,,,,,31.950,,,,,,,,,4.8505E-4,0.008,-0.189,0.0,0.0,0.0
,,,,,,,,,,,,,,,,,,,,,,,,,,,,,,32.000,-2E-4,-2E-5,-1.9E-6,-3.11,0.0,9.9,-0.1,9.9,4.8505E-4,8.084E-4,-0.102,0.0,0.0,0.0
,,,,,,,,,,,,,,,,,,,,,,,,,,,,,,32.050,,,,,,,,,4.8505E-4,0.000,-0.031,0.0,0.0,0.0
,,,,,,,,,,,,,,,,,,,,,,,,,,,,,,32.100,-2E-4,-2E-5,-1.9E-6,-2.31,0.0,9.9,-0.1,9.9,4.8505E-4,0.000,-0.003,0.0,0.0,0.0
,,,,,,,,,,,,,,,,,,,,,,,,,,,,,,32.150,,,,,,,,,4.8505E-4,0.000,0.000,0.0,0.0,0.0
,,,,,,,,,,,,,,,,,,,,,,,,,,,,,,32.200,-2E-4,-2E-5,-1.9E-6,-2.67,0.0,9.9,-0.1,9.9,4.8505E-4,0.000,0.000,0.0,0.0,0.0
,,,,,,,,,,,,,,,,,,,,,,,,,,,,,,32.250,,,,,,,,,4.8505E-4,0.000,0.000,0.0,0.0,0.0
,,,,,,,,,,,,,,,,,,,,,,,,,,,,,,32.300,-2E-4,-2E-5,-1.9E-6,-0.78,0.0,10.0,-0.1,10.0,4.8505E-4,0.000,0.000,0.0,0.0,0.0
,,,,,,,,,,,,,,,,,,,,,,,,,,,,,,32.350,,,,,,,,,4.8505E-4,0.000,0.000,0.0,0.0,0.0
,,,,,,,,,,,,,,,,,,,,,,,,,,,,,,32.400,-2E-4,-2E-5,-1.9E-6,-0.66,0.0,9.9,-0.1,9.9,4.8505E-4,0.000,0.000,0.0,0.0,0.0
,,,,,,,,,,,,,,,,,,,,,,,,,,,,,,32.450,,,,,,,,,4.8505E-4,0.000,0.000,0.0,0.0,0.0
,,,,,,,,,,,,,,,,,,,,,,,,,,,,,,32.500,-2E-4,-2E-5,-1.9E-6,-0.10,0.0,9.9,-0.1,9.9,4.8505E-4,0.000,0.000,0.0,0.0,0.0
,,,,,,,,,,,,,,,,,,,,,,,,,,,,,,32.550,,,,,,,,,4.8505E-4,0.000,0.000,0.0,0.0,0.0
,,,,,,,,,,,,,,,,,,,,,,,,,,,,,,32.600,-2E-4,-2E-5,-1.9E-6,-0.09,0.0,9.9,-0.1,9.9,4.8505E-4,0.000,0.000,0.0,0.0,0.0
,,,,,,,,,,,,,,,,,,,,,,,,,,,,,,32.650,,,,,,,,,4.8505E-4,0.000,0.000,0.0,0.0,0.0
,,,,,,,,,,,,,,,,,,,,,,,,,,,,,,32.700,-2E-4,-2E-5,-1.9E-6,-0.09,0.0,9.9,-0.1,9.9,4.8505E-4,0.000,0.000,0.0,0.0,0.0
,,,,,,,,,,,,,,,,,,,,,,,,,,,,,,32.750,,,,,,,,,4.8505E-4,0.000,0.000,0.0,0.0,0.0
,,,,,,,,,,,,,,,,,,,,,,,,,,,,,,32.800,-2E-4,-2E-5,-1.9E-6,-0.09,-9.7E-4,9.9,-0.1,9.9,4.8505E-4,0.000,0.000,0.0,0.0,0.0
,,,,,,,,,,,,,,,,,,,,,,,,,,,,,,32.850,,,,,,,,,4.8505E-4,0.000,0.000,0.0,0.0,0.0
,,,,,,,,,,,,,,,,,,,,,,,,,,,,,,32.900,-2E-4,-2E-5,-1.9E-6,-0.09,0.0,9.9,-0.1,9.9,4.8505E-4,0.000,0.000,0.0,0.0,0.0
,,,,,,,,,,,,,,,,,,,,,,,,,,,,,,32.950,,,,,,,,,4.8505E-4,0.000,0.000,0.0,0.0,0.0
,,,,,,,,,,,,,,,,,,,,,,,,,,,,,,33.000,-2E-4,-2E-5,-1.9E-6,-0.09,0.0,9.9,-0.1,9.9,4.8505E-4,0.000,0.000,0.0,0.0,0.0
,,,,,,,,,,,,,,,,,,,,,,,,,,,,,,33.050,,,,,,,,,4.8505E-4,0.000,0.000,0.0,0.0,0.0
,,,,,,,,,,,,,,,,,,,,,,,,,,,,,,33.100,-2E-4,-2E-5,-1.9E-6,-0.09,0.0,10.0,-0.1,10.0,4.8505E-4,0.000,0.000,0.0,0.0,0.0
,,,,,,,,,,,,,,,,,,,,,,,,,,,,,,33.150,,,,,,,,,4.8505E-4,0.000,0.000,0.0,0.0,0.0
,,,,,,,,,,,,,,,,,,,,,,,,,,,,,,33.200,-2E-4,-2E-5,-1.9E-6,-0.08,0.0,9.9,-0.1,9.9,4.8505E-4,0.000,0.000,0.0,0.0,0.0
,,,,,,,,,,,,,,,,,,,,,,,,,,,,,,33.250,,,,,,,,,4.8505E-4,0.000,0.000,0.0,0.0,0.0
,,,,,,,,,,,,,,,,,,,,,,,,,,,,,,33.300,-2E-4,-2E-5,-1.9E-6,-0.09,-9.7E-4,9.9,-0.1,9.9,4.8505E-4,0.000,0.000,0.0,0.0,0.0
,,,,,,,,,,,,,,,,,,,,,,,,,,,,,,33.350,,,,,,,,,4.8505E-4,0.000,0.000,0.0,0.0,0.0
,,,,,,,,,,,,,,,,,,,,,,,,,,,,,,33.400,-2E-4,-2E-5,-1.9E-6,-0.09,0.0,9.9,-0.1,9.9,4.8505E-4,0.000,0.000,0.0,0.0,0.0
,,,,,,,,,,,,,,,,,,,,,,,,,,,,,,33.450,,,,,,,,,4.8505E-4,0.000,0.000,0.0,0.0,0.0
,,,,,,,,,,,,,,,,,,,,,,,,,,,,,,33.500,-2E-4,-2E-5,-1.9E-6,-0.09,0.0,9.9,-0.1,9.9,4.8505E-4,0.000,0.000,0.0,0.0,0.0
,,,,,,,,,,,,,,,,,,,,,,,,,,,,,,33.550,,,,,,,,,4.8505E-4,0.000,0.000,0.0,0.0,0.0
,,,,,,,,,,,,,,,,,,,,,,,,,,,,,,33.600,-2E-4,-2E-5,-1.9E-6,-0.09,0.0,9.9,-0.1,9.9,4.8505E-4,0.000,0.000,0.0,0.0,0.0
,,,,,,,,,,,,,,,,,,,,,,,,,,,,,,33.650,,,,,,,,,4.8505E-4,0.000,0.000,0.0,0.0,0.0
,,,,,,,,,,,,,,,,,,,,,,,,,,,,,,33.700,-2E-4,-2E-5,-1.9E-6,-0.09,0.0,9.9,-0.1,9.9,4.8505E-4,0.000,0.000,0.0,0.0,0.0
,,,,,,,,,,,,,,,,,,,,,,,,,,,,,,33.750,,,,,,,,,4.8505E-4,0.000,0.000,0.0,0.0,0.0
,,,,,,,,,,,,,,,,,,,,,,,,,,,,,,33.800,-2E-4,-2E-5,-1.9E-6,-0.09,0.0,9.9,-0.1,9.9,4.8505E-4,0.000,0.000,0.0,0.0,0.0
,,,,,,,,,,,,,,,,,,,,,,,,,,,,,,33.850,,,,,,,,,4.8505E-4,0.000,0.000,0.0,0.0,0.0
,,,,,,,,,,,,,,,,,,,,,,,,,,,,,,33.900,-2E-4,-2E-5,-1.9E-6,-0.09,0.0,9.9,-0.1,9.9,4.8505E-4,0.000,0.000,0.0,0.0,0.0
,,,,,,,,,,,,,,,,,,,,,,,,,,,,,,33.950,,,,,,,,,4.8505E-4,0.000,0.000,0.0,0.0,0.0
,,,,,,,,,,,,,,,,,,,,,,,,,,,,,,34.000,-2E-4,-2E-5,-1.9E-6,-0.09,0.0,9.9,-0.1,9.9,4.8505E-4,0.000,0.000,0.0,0.0,0.0
,,,,,,,,,,,,,,,,,,,,,,,,,,,,,,34.050,,,,,,,,,4.8505E-4,0.000,0.000,0.0,0.0,0.0
,,,,,,,,,,,,,,,,,,,,,,,,,,,,,,34.100,-2E-4,-2E-5,-1.9E-6,-0.09,0.0,9.9,-0.1,9.9,4.8505E-4,0.000,0.000,0.0,0.0,0.0
,,,,,,,,,,,,,,,,,,,,,,,,,,,,,,34.150,,,,,,,,,4.8505E-4,0.000,0.000,0.0,0.0,0.0
,,,,,,,,,,,,,,,,,,,,,,,,,,,,,,34.200,-2E-4,-2E-5,-1.9E-6,-0.09,0.0,9.9,-0.1,9.9,4.8505E-4,0.000,0.000,0.0,0.0,0.0
,,,,,,,,,,,,,,,,,,,,,,,,,,,,,,34.250,,,,,,,,,4.8505E-4,0.000,0.000,0.0,0.0,0.0
,,,,,,,,,,,,,,,,,,,,,,,,,,,,,,34.300,-2E-4,-2E-5,-1.9E-6,-0.09,-9.7E-4,9.9,-0.1,9.9,4.8505E-4,0.000,0.000,0.0,0.0,0.0
,,,,,,,,,,,,,,,,,,,,,,,,,,,,,,34.350,,,,,,,,,4.8505E-4,0.000,0.000,0.0,0.0,0.0
,,,,,,,,,,,,,,,,,,,,,,,,,,,,,,34.400,-2E-4,-2E-5,-1.9E-6,-0.09,0.0,9.9,-0.1,9.9,4.8505E-4,0.000,0.000,0.0,0.0,0.0
,,,,,,,,,,,,,,,,,,,,,,,,,,,,,,34.450,,,,,,,,,4.8505E-4,0.000,0.000,0.0,0.0,0.0
,,,,,,,,,,,,,,,,,,,,,,,,,,,,,,34.500,-2E-4,-2E-5,-1.9E-6,-0.09,0.0,9.9,-0.1,9.9,4.8505E-4,0.000,0.000,0.0,0.0,0.0
,,,,,,,,,,,,,,,,,,,,,,,,,,,,,,34.550,,,,,,,,,4.8505E-4,0.000,0.000,0.0,0.0,0.0
,,,,,,,,,,,,,,,,,,,,,,,,,,,,,,34.600,-2E-4,-2E-5,-1.9E-6,-0.09,0.0,9.9,-0.1,9.9,4.8505E-4,0.000,0.000,0.0,0.0,0.0
,,,,,,,,,,,,,,,,,,,,,,,,,,,,,,34.650,,,,,,,,,4.8505E-4,0.000,0.000,0.0,0.0,0.0
,,,,,,,,,,,,,,,,,,,,,,,,,,,,,,34.700,-2E-4,-2E-5,-1.8E-6,-0.09,0.0,9.9,-0.1,9.9,4.8505E-4,0.000,0.000,0.0,0.0,0.0
,,,,,,,,,,,,,,,,,,,,,,,,,,,,,,34.750,,,,,,,,,4.8505E-4,0.000,0.000,0.0,0.0,0.0
,,,,,,,,,,,,,,,,,,,,,,,,,,,,,,34.800,-2E-4,-2E-5,-1.9E-6,-0.09,0.0,9.9,-0.1,9.9,4.8505E-4,0.000,0.000,0.0,0.0,0.0
,,,,,,,,,,,,,,,,,,,,,,,,,,,,,,34.850,,,,,,,,,4.8505E-4,0.000,0.000,0.0,0.0,0.0
,,,,,,,,,,,,,,,,,,,,,,,,,,,,,,34.900,-2E-4,-2E-5,-1.8E-6,-0.09,0.0,9.9,-0.1,9.9,4.8505E-4,0.000,0.000,0.0,0.0,0.0
,,,,,,,,,,,,,,,,,,,,,,,,,,,,,,34.950,,,,,,,,,4.8505E-4,0.000,0.000,0.0,0.0,0.0
,,,,,,,,,,,,,,,,,,,,,,,,,,,,,,35.000,-2E-4,-2E-5,-1.9E-6,-0.09,0.0,9.9,-0.1,9.9,4.8505E-4,0.000,0.000,0.0,0.0,0.0
,,,,,,,,,,,,,,,,,,,,,,,,,,,,,,35.050,,,,,,,,,4.8505E-4,0.000,0.000,0.0,0.0,0.0
,,,,,,,,,,,,,,,,,,,,,,,,,,,,,,35.100,-2E-4,-2E-5,-1.9E-6,-0.09,0.0,9.9,-0.1,9.9,4.8505E-4,0.000,0.000,0.0,0.0,0.0
,,,,,,,,,,,,,,,,,,,,,,,,,,,,,,35.150,,,,,,,,,4.8505E-4,0.000,0.000,0.0,0.0,0.0
,,,,,,,,,,,,,,,,,,,,,,,,,,,,,,35.200,-2E-4,-2E-5,-1.9E-6,-0.09,0.0,9.9,-0.1,9.9,4.8505E-4,0.000,0.000,0.0,0.0,0.0
,,,,,,,,,,,,,,,,,,,,,,,,,,,,,,35.250,,,,,,,,,4.8505E-4,0.000,0.000,0.0,0.0,0.0
,,,,,,,,,,,,,,,,,,,,,,,,,,,,,,35.300,-2E-4,-2E-5,-1.9E-6,-0.09,0.0,9.9,-0.1,9.9,4.8505E-4,0.000,0.000,0.0,0.0,0.0
,,,,,,,,,,,,,,,,,,,,,,,,,,,,,,35.350,,,,,,,,,4.8505E-4,0.000,0.000,0.0,0.0,0.0
,,,,,,,,,,,,,,,,,,,,,,,,,,,,,,35.400,-2E-4,-2E-5,-1.9E-6,-0.08,0.0,9.9,-0.1,9.9,4.8505E-4,0.000,0.000,0.0,0.0,0.0
,,,,,,,,,,,,,,,,,,,,,,,,,,,,,,35.450,,,,,,,,,4.8505E-4,0.000,0.000,0.0,0.0,0.0
,,,,,,,,,,,,,,,,,,,,,,,,,,,,,,35.500,-2E-4,-2E-5,-1.9E-6,-0.09,0.0,9.9,-0.1,9.9,4.8505E-4,0.000,0.000,0.0,0.0,0.0
,,,,,,,,,,,,,,,,,,,,,,,,,,,,,,35.550,,,,,,,,,4.8505E-4,0.000,0.000,0.0,0.0,0.0
,,,,,,,,,,,,,,,,,,,,,,,,,,,,,,35.600,-2E-4,-2E-5,-1.9E-6,-0.09,0.0,9.9,-0.1,9.9,4.8505E-4,0.000,0.000,0.0,0.0,0.0
,,,,,,,,,,,,,,,,,,,,,,,,,,,,,,35.650,,,,,,,,,4.8505E-4,0.000,0.000,0.0,0.0,0.0
,,,,,,,,,,,,,,,,,,,,,,,,,,,,,,35.700,-2E-4,-2E-5,-1.9E-6,-0.09,0.0,9.9,-0.1,9.9,4.8505E-4,0.000,0.000,0.0,0.0,0.0
,,,,,,,,,,,,,,,,,,,,,,,,,,,,,,35.750,,,,,,,,,4.8505E-4,0.000,0.000,0.0,0.0,0.0
,,,,,,,,,,,,,,,,,,,,,,,,,,,,,,35.800,-2E-4,-2E-5,-1.9E-6,-0.08,0.0,9.9,-0.1,9.9,4.8505E-4,0.000,0.000,0.0,0.0,0.0
,,,,,,,,,,,,,,,,,,,,,,,,,,,,,,35.850,,,,,,,,,4.8505E-4,0.000,0.000,0.0,0.0,0.0
,,,,,,,,,,,,,,,,,,,,,,,,,,,,,,35.900,-2E-4,-2E-5,-1.9E-6,-0.09,0.0,9.9,-0.1,9.9,4.8505E-4,0.000,0.000,0.0,0.0,0.0
,,,,,,,,,,,,,,,,,,,,,,,,,,,,,,35.950,,,,,,,,,4.8505E-4,0.000,0.000,0.0,0.0,0.0
,,,,,,,,,,,,,,,,,,,,,,,,,,,,,,36.000,-2E-4,-2E-5,-1.9E-6,-0.09,0.0,9.9,-0.1,9.9,4.8505E-4,0.000,0.000,0.0,0.0,0.0
,,,,,,,,,,,,,,,,,,,,,,,,,,,,,,36.050,,,,,,,,,4.8505E-4,0.000,0.000,0.0,0.0,0.0
,,,,,,,,,,,,,,,,,,,,,,,,,,,,,,36.100,-2E-4,-2E-5,-1.9E-6,-0.09,0.0,9.9,-0.1,9.9,4.8505E-4,0.000,0.000,0.0,0.0,0.0
,,,,,,,,,,,,,,,,,,,,,,,,,,,,,,36.150,,,,,,,,,4.8505E-4,0.000,0.000,0.0,0.0,0.0
,,,,,,,,,,,,,,,,,,,,,,,,,,,,,,36.200,-2E-4,-2E-5,-1.9E-6,-0.09,0.0,9.9,-0.1,9.9,4.8505E-4,0.000,0.000,0.0,0.0,0.0
,,,,,,,,,,,,,,,,,,,,,,,,,,,,,,36.250,,,,,,,,,4.8505E-4,0.000,0.000,0.0,0.0,0.0
,,,,,,,,,,,,,,,,,,,,,,,,,,,,,,36.300,-2E-4,-2E-5,-1.9E-6,-0.09,0.0,10.0,-0.1,10.0,4.8505E-4,0.000,0.000,0.0,0.0,0.0
,,,,,,,,,,,,,,,,,,,,,,,,,,,,,,36.350,,,,,,,,,4.8505E-4,0.000,0.000,0.0,0.0,0.0
,,,,,,,,,,,,,,,,,,,,,,,,,,,,,,36.400,-2E-4,-2E-5,-1.9E-6,-0.08,0.0,9.9,-0.1,9.9,4.8505E-4,0.000,0.000,0.0,0.0,0.0
,,,,,,,,,,,,,,,,,,,,,,,,,,,,,,36.450,,,,,,,,,4.8505E-4,0.000,0.000,0.0,0.0,0.0
,,,,,,,,,,,,,,,,,,,,,,,,,,,,,,36.500,-2E-4,-2E-5,-1.9E-6,-0.09,0.0,9.9,-0.1,9.9,4.8505E-4,0.000,0.000,0.0,0.0,0.0
,,,,,,,,,,,,,,,,,,,,,,,,,,,,,,36.550,,,,,,,,,4.8505E-4,0.000,,0.0,0.0,0.0
,,,,,,,,,,,,,,,,,,,,,,,,,,,,,,36.600,,,,-0.08,0.0,9.9,-0.1,9.9,4.8505E-4,0.000,,0.0,0.0,0.0
,,,,,,,,,,,,,,,,,,,,,,,,,,,,,,36.650,,,,,,,,,4.8505E-4,,,0.0,0.0,0.0
