0.000,-0.08,0.0,9.9,-0.1,9.9,0.0000,,,0.0,0.0,0.0,-1E-4,-1E-5,-1.4E-6
0.050,-0.08,0.0,9.9,-0.1,9.9,0.0000,0.000,,0.0,0.0,0.0,,,
0.100,-0.08,0.0,9.9,-0.1,9.9,0.0000,0.000,0.000,0.0,0.0,0.0,-1E-4,-1E-5,-1.4E-6
0.150,-0.08,0.0,9.9,-0.1,9.9,0.0000,0.000,0.000,0.0,0.0,0.0,,,
0.200,-0.08,0.0,9.9,-0.1,9.9,0.0000,0.000,0.000,0.0,0.0,0.0,-1E-4,-1E-5,-1.4E-6
0.250,-0.08,0.0,9.9,-0.1,9.9,0.0000,0.000,0.000,0.0,0.0,0.0,,,
0.300,-0.08,0.0,9.9,-0.1,9.9,0.0000,0.000,0.000,0.0,0.0,0.0,-1E-4,-1E-5,-1.4E-6
0.350,-0.08,0.0,9.9,-0.1,9.9,0.0000,0.000,0.000,0.0,0.0,0.0,,,
0.400,-0.08,0.0,9.9,-0.1,9.9,0.0000,0.000,0.000,0.0,0.0,0.0,-1E-4,-1E-5,-1.4E-6
0.450,-0.08,0.0,9.9,-0.1,9.9,0.0000,0.000,0.000,0.0,0.0,0.0,,,
0.500,-0.08,0.0,9.9,-0.1,9.9,0.0000,0.000,0.000,0.0,0.0,0.0,-1E-4,-1E-5,-1.3E-6
0.550,-0.08,0.0,9.9,-0.1,9.9,0.0000,0.000,0.000,0.0,0.0,0.0,,,
0.600,-0.08,0.0,9.9,-0.1,9.9,0.0000,0.000,0.000,0.0,0.0,0.0,-1E-4,-1E-5,-1.4E-6
0.650,-0.08,0.0,9.9,-0.1,9.9,0.0000,0.000,0.000,0.0,0.0,0.0,,,
0.700,-0.08,0.0,9.9,-0.1,9.9,0.0000,0.000,0.000,0.0,0.0,0.0,-1E-4,-1E-5,-1.3E-6
0.750,-0.08,0.0,9.9,-0.1,9.9,0.0000,0.000,0.000,0.0,0.0,0.0,,,
0.800,-0.08,0.0,9.9,-0.1,9.9,0.0000,0.000,0.000,0.0,0.0,0.0,-1E-4,-1E-5,-1.3E-6
0.850,-0.08,0.0,9.9,-0.1,9.9,0.0000,0.000,0.000,0.0,0.0,0.0,,,
0.900,-0.08,0.0,9.9,-0.1,9.9,0.0000,0.000,0.000,0.0,0.0,0.0,-1E-4,-1E-5,-1.3E-6
0.950,-0.08,0.0,9.9,-0.1,9.9,0.0000,0.000,0.000,0.0,0.0,0.0,,,
1.000,-0.08,0.0,9.9,-0.1,9.9,0.0000,0.000,0.000,0.0,0.0,0.0,-1E-4,-1E-5,-1.4E-6
1.050,-0.08,0.0,9.9,-0.1,9.9,0.0000,0.000,0.000,0.0,0.0,0.0,,,
1.100,-0.08,0.0,9.9,-0.1,9.9,0.0000,0.000,0.000,0.0,0.0,0.0,-1E-4,-1E-5,-1.4E-6
1.150,-0.08,0.0,9.9,-0.1,9.9,0.0000,0.000,0.000,0.0,0.0,0.0,,,
1.200,-0.08,0.0,9.9,-0.1,9.9,0.0000,0.000,0.000,0.0,0.0,0.0,-1E-4,-1E-5,-1.4E-6
1.250,-0.08,0.0,9.9,-0.1,9.9,0.0000,0.000,0.000,0.0,0.0,0.0,,,
1.300,-0.08,-9.7E-4,9.9,-0.1,9.9,0.0000,0.000,0.000,0.0,0.0,0.0,-1E-4,-1E-5,-1.4E-6
1.350,-0.08,0.0,9.9,-0.1,9.9,0.0000,0.000,0.000,0.0,0.0,0.0,,,
1.400,-0.08,0.0,9.9,-0.1,9.9,0.0000,0.000,0.000,0.0,0.0,0.0,-1E-4,-1E-5,-1.4E-6
1.450,-0.08,0.0,9.9,-0.1,9.9,0.0000,0.000,0.000,0.0,0.0,0.0,,,
1.500,-0.08,0.0,9.9,-0.1,9.9,0.0000,0.000,0.000,0.0,0.0,0.0,-1E-4,-1E-5,-1.4E-6
1.550,-0.08,0.0,9.9,-0.1,9.9,0.0000,0.000,0.000,0.0,0.0,0.0,,,
1.600,-0.08,0.0,9.9,-0.1,9.9,0.0000,0.000,0.000,0.0,0.0,0.0,-1E-4,-1E-5,-1.4E-6
1.650,-0.08,0.0,9.9,-0.1,9.9,0.0000,0.000,0.000,0.0,0.0,0.0,,,
1.700,-0.08,-9.7E-4,9.9,-0.1,9.9,0.0000,0.000,0.000,0.0,0.0,0.0,-1E-4,-1E-5,-1.4E-6
1.750,-0.07,-9.7E-4,9.9,-0.1,9.9,0.0000,0.000,0.000,0.0,0.0,0.0,,,
1.800,-0.07,0.0,9.9,-0.1,9.9,0.0000,0.000,0.000,0.0,0.0,0.0,-1E-4,-1E-5,-1.4E-6
1.850,-0.08,0.0,9.9,-0.1,9.9,0.0000,0.000,0.000,0.0,0.0,0.0,,,
1.900,-0.08,0.0,9.9,-0.1,9.9,0.0000,0.000,0.000,0.0,0.0,0.0,-1E-4,-1E-5,-1.4E-6
1.950,-0.08,-9.7E-4,9.9,-0.1,9.9,0.0000,0.000,0.000,0.0,0.0,0.0,,,
2.000,-0.08,0.0,9.9,-0.1,9.9,0.0000,0.000,0.000,0.0,0.0,0.0,-1E-4,-1E-5,-1.4E-6
2.050,-0.08,-9.7E-4,9.9,-0.1,9.9,0.0000,0.000,0.000,0.0,0.0,0.0,,,
2.100,-0.08,0.0,9.9,-0.1,9.9,0.0000,0.000,0.000,0.0,0.0,0.0,-1E-4,-1E-5,-1.4E-6
2.150,-0.08,0.0,9.9,-0.1,9.9,0.0000,0.000,0.000,0.0,0.0,0.0,,,
2.200,-0.08,0.0,9.9,-0.1,9.9,0.0000,0.000,0.000,0.0,0.0,0.0,-1E-4,-1E-5,-1.4E-6
2.250,-0.08,-9.7E-4,9.9,-0.1,9.9,0.0000,0.000,0.000,0.0,0.0,0.0,,,
2.300,-0.08,0.0,9.9,-0.1,9.9,0.0000,0.000,0.000,0.0,0.0,0.0,-1E-4,-1E-5,-1.4E-6
2.350,-0.08,0.0,9.9,-0.1,9.9,0.0000,0.000,0.000,0.0,0.0,0.0,,,
2.400,-0.08,-9.7E-4,9.9,-0.1,9.9,0.0000,0.000,0.000,0.0,0.0,0.0,-1E-4,-1E-5,-1.4E-6
2.450,-0.08,0.0,9.9,-0.1,9.9,0.0000,0.000,0.000,0.0,0.0,0.0,,,
2.500,-0.08,0.0,9.9,-0.1,9.9,0.0000,0.000,0.000,0.0,0.0,0.0,-1E-4,-1E-5,-1.4E-6
2.550,-0.08,0.0,9.9,-0.1,9.9,0.0000,0.000,0.000,0.0,0.0,0.0,,,
2.600,-0.42,0.0,9.9,-0.1,9.9,0.0000,0.000,0.000,0.0,0.0,0.0,-1E-4,-1E-5,-1.5E-6
2.650,-0.42,0.0,9.9,-0.1,9.9,0.0000,0.000,0.000,0.0,0.0,0.0,,,
2.700,-0.28,0.0,9.9,-0.1,9.9,0.0000,0.000,-0.003,0.0,0.0,0.0,-1E-4,-1E-5,-1.5E-6
2.750,-0.28,0.0,9.9,-0.1,9.9,0.0000,0.000,-0.018,0.0,0.0,0.0,,,
2.800,-0.21,0.0,9.9,-0.1,9.9,0.0000,-8.084E-4,-0.057,0.0,0.0,0.0,-1E-4,-1E-5,-1.4E-6
2.850,-0.07,0.0,9.9,-0.1,9.9,0.0000,-0.004,-0.112,0.0,0.0,0.0,,,
2.900,-0.08,-0.3,9.9,-0.1,9.9,-2.4252E-4,-0.013,-0.148,0.0,0.0,0.0,-1E-4,-1E-5,-1.4E-6
2.950,-0.07,-0.3,9.9,-0.1,9.9,-0.0011,-0.022,-0.135,0.0,0.0,0.0,,,
3.000,-0.08,-0.1,9.9,-0.1,9.9,-0.0027,-0.028,-0.084,0.0,0.0,0.0,-1E-4,-1E-5,-1.4E-6
3.050,-0.08,0.2,9.9,-0.1,9.9,-0.0041,-0.030,-0.035,0.0,0.0,0.0,,,
3.100,-0.08,-0.1,9.9,-0.1,9.9,-0.0056,-0.030,-0.008,0.0,0.0,0.0,-1E-4,-1E-5,-1.3E-6
3.150,-0.07,-0.1,9.9,-0.1,9.9,-0.0070,-0.030,0.003,0.0,0.0,0.0,,,
3.200,-0.07,0.1,9.9,-0.1,9.9,-0.0087,-0.030,0.003,0.0,0.0,0.0,-1E-4,-1E-5,-1.2E-6
3.250,-0.07,0.1,9.9,-0.1,9.9,-0.0101,-0.029,-0.012,0.0,0.0,0.0,,,
3.300,-0.07,-0.1,9.9,-0.1,9.9,-0.0114,-0.030,-0.031,0.0,0.0,0.0,-1E-4,-1E-5,-1.1E-6
3.350,-0.08,0.0,9.9,-0.1,9.9,-0.0131,-0.033,-0.034,0.0,0.0,0.0,,,
3.400,-0.07,0.0,9.9,-0.1,9.9,-0.0148,-0.035,-0.018,0.0,0.0,0.0,-1E-4,-1E-5,-1.1E-6
3.450,-0.08,0.0,9.9,-0.1,9.9,-0.0166,-0.035,0.007,0.0,0.0,0.0,,,
3.500,-0.07,0.1,9.9,-0.1,9.9,-0.0183,-0.034,0.027,0.0,0.0,0.0,-1E-4,-1E-5,-1.0E-6
3.550,-0.07,0.2,9.9,-0.1,9.9,-0.0200,-0.032,0.038,0.0,0.0,0.0,,,
3.600,-0.07,0.1,9.9,-0.1,9.9,-0.0216,-0.030,0.035,0.0,0.0,0.0,-9E-5,-9E-6,-8.8E-7
3.650,-0.07,0.1,9.9,-0.1,9.9,-0.0229,-0.028,0.022,0.0,0.0,0.0,,,
3.700,-0.07,-0.1,10.0,-0.1,10.0,-0.0243,-0.027,0.013,0.0,0.0,0.0,-7E-5,-7E-6,-7.5E-7
3.750,-0.07,0.0,9.9,-0.1,9.9,-0.0257,-0.027,0.023,0.0,0.0,0.0,,,
3.800,-0.08,0.0,9.9,-0.1,9.9,-0.0270,-0.026,0.042,0.0,0.0,0.0,-7E-5,-7E-6,-6.5E-7
3.850,-0.08,0.2,9.9,-0.1,9.9,-0.0284,-0.023,0.046,0.0,0.0,0.0,,,
3.900,-0.08,0.1,9.9,-0.1,9.9,-0.0293,-0.020,0.022,0.0,0.0,0.0,-6E-5,-6E-6,-5.5E-7
3.950,-0.07,-0.1,9.9,-0.1,9.9,-0.0302,-0.020,-0.012,0.0,0.0,0.0,,,
4.000,-0.08,-0.2,9.9,-0.1,9.9,-0.0312,-0.022,-0.027,0.0,0.0,0.0,-5E-5,-5E-6,-5.1E-7
4.050,-0.07,0.0,9.9,-0.1,9.9,-0.0325,-0.024,-0.015,0.0,0.0,0.0,,,
4.100,-0.08,0.0,10.0,-0.1,10.0,-0.0337,-0.024,0.008,0.0,0.0,0.0,-4E-5,-4E-6,-4.3E-7
4.150,-0.08,0.0,10.0,-0.1,10.0,-0.0348,-0.023,0.023,0.0,0.0,0.0,,,
4.200,-0.08,0.0,9.9,-0.1,9.9,-0.0360,-0.021,0.022,0.0,0.0,0.0,-3E-5,-3E-6,-3.3E-7
4.250,-0.08,0.1,9.9,-0.1,9.9,-0.0370,-0.020,0.003,0.0,0.0,0.0,,,
4.300,-0.07,-0.1,9.9,-0.1,9.9,-0.0378,-0.020,-0.023,0.0,0.0,0.0,-3E-5,-3E-6,-2.5E-7
4.350,-0.07,-0.2,9.9,-0.1,9.9,-0.0389,-0.023,-0.038,0.0,0.0,0.0,,,
4.400,-0.07,0.0,9.9,-0.1,9.9,-0.0401,-0.025,-0.034,0.0,0.0,0.0,-1E-5,-1E-6,-1.4E-7
4.450,-0.08,0.1,9.9,-0.1,9.9,-0.0415,-0.026,-0.018,-3.1E-4,0.0,0.0,,,
4.500,-0.08,0.0,9.9,-0.1,9.9,-0.0428,-0.027,0.001,0.0,0.0,0.0,1E-6,1E-7,1.2E-8
4.550,-0.08,0.0,9.9,-0.1,9.9,-0.0441,-0.026,0.018,0.0,0.0,0.0,,,
4.600,-0.07,0.0,9.9,-0.1,9.9,-0.0455,-0.025,0.022,0.0,0.0,0.0,2E-5,2E-6,1.6E-7
4.650,-0.08,0.2,9.9,-0.1,9.9,-0.0467,-0.023,0.005,0.0,0.0,0.0,,,
4.700,-0.07,0.0,9.9,-0.1,9.9,-0.0477,-0.023,-0.024,3.1E-4,0.0,0.0,3E-5,3E-6,2.9E-7
4.750,-0.07,-0.2,9.9,-0.1,9.9,-0.0489,-0.026,-0.047,0.0,0.0,0.0,,,
4.800,-0.08,0.1,9.9,-0.1,9.9,-0.0503,-0.029,-0.050,0.0,0.0,0.0,5E-5,5E-6,4.6E-7
4.850,-0.07,-0.1,9.9,-0.1,9.9,-0.0518,-0.032,-0.035,0.0,0.0,0.0,,,
4.900,-0.07,-0.1,9.9,-0.1,9.9,-0.0535,-0.033,-0.015,0.0,0.0,0.0,7E-5,7E-6,6.8E-7
4.950,-0.08,0.1,9.9,-0.1,9.9,-0.0552,-0.033,-0.004,0.0,0.0,0.0,,,
5.000,-0.07,0.0,9.9,-0.1,9.9,-0.0568,-0.032,-0.007,0.0,0.0,0.0,9E-5,9E-6,9.3E-7
5.050,-0.07,-0.1,9.9,-0.1,9.9,-0.0583,-0.033,-0.016,0.0,0.0,0.0,,,
5.100,-0.07,0.0,9.9,-0.1,9.9,-0.0600,-0.034,-0.024,0.0,0.0,0.0,1E-4,1E-5,1.2E-6
5.150,-0.07,0.1,9.9,-0.1,9.9,-0.0618,-0.036,-0.028,0.0,0.0,0.0,,,
5.200,-0.07,-0.1,9.9,-0.1,9.9,-0.0635,-0.037,-0.027,0.0,0.0,0.0,1E-4,1E-5,1.5E-6
5.250,-0.07,0.0,9.9,-0.1,9.9,-0.0655,-0.039,-0.015,0.0,0.0,0.0,,,
5.300,-0.07,0.1,9.9,-0.1,9.9,-0.0675,-0.039,8.327E-16,0.0,0.0,0.0,2E-4,2E-5,1.9E-6
5.350,-0.07,0.0,9.9,-0.1,9.9,-0.0695,-0.038,-0.004,0.0,0.0,0.0,,,
5.400,-0.07,0.0,9.9,-0.1,9.9,-0.0713,-0.038,-0.027,0.0,0.0,0.0,2E-4,2E-5,2.3E-6
5.450,-0.07,0.0,9.9,-0.1,9.9,-0.0731,-0.041,-0.038,0.0,0.0,0.0,,,
5.500,-0.07,-0.2,9.9,-0.1,9.9,-0.0753,-0.044,-0.011,0.0,0.0,0.0,3E-4,3E-5,2.8E-6
5.550,-0.08,0.2,9.9,-0.1,9.9,-0.0779,-0.043,0.035,0.0,0.0,0.0,,,
5.600,-0.07,0.2,9.9,-0.1,9.9,-0.0798,-0.039,0.058,0.0,0.0,0.0,3E-4,3E-5,3.4E-6
5.650,-0.07,0.1,9.9,-0.1,9.9,-0.0816,-0.036,0.049,0.0,0.0,0.0,,,
5.700,-0.07,-9.7E-4,9.9,-0.1,9.9,-0.0833,-0.034,0.028,0.0,0.0,0.0,4E-4,4E-5,3.9E-6
5.750,-0.07,0.1,9.9,-0.1,9.9,-0.0850,-0.034,0.016,0.0,0.0,0.0,,,
5.800,-0.07,0.1,9.9,0.0,9.9,-0.0867,-0.033,0.011,0.0,0.0,0.0,5E-4,5E-5,4.5E-6
5.850,-0.07,0.0,9.9,-0.1,9.9,-0.0883,-0.032,0.007,0.0,0.0,0.0,,,
5.900,-0.07,0.0,9.9,-0.1,9.9,-0.0899,-0.032,0.011,0.0,0.0,0.0,5E-4,5E-5,5.2E-6
5.950,-0.07,0.0,9.9,-0.1,9.9,-0.0916,-0.032,0.024,0.0,0.0,0.0,,,
6.000,-0.07,0.1,9.9,-0.1,9.9,-0.0931,-0.030,0.038,0.0,0.0,0.0,6E-4,6E-5,5.9E-6
6.050,-0.07,0.2,9.9,-0.1,9.9,-0.0946,-0.027,0.038,0.0,0.0,0.0,,,
6.100,-0.06,0.0,9.9,-0.1,9.9,-0.0958,-0.025,0.022,0.0,0.0,0.0,7E-4,7E-5,6.6E-6
6.150,-0.07,0.1,9.9,-0.1,9.9,-0.0971,-0.025,0.001,0.0,0.0,0.0,,,
6.200,-0.07,-0.1,9.9,-0.1,9.9,-0.0982,-0.026,-0.011,0.0,0.0,0.0,7E-4,7E-5,7.3E-6
6.250,-0.07,0.1,9.9,-0.1,9.9,-0.0997,-0.027,-0.008,0.0,0.0,0.0,,,
6.300,-0.07,0.0,9.9,-0.1,9.9,-0.1010,-0.027,-1.284E-15,0.0,0.0,0.0,8E-4,8E-5,8.1E-6
6.350,-0.07,0.0,9.9,-0.1,9.9,-0.1023,-0.026,0.001,0.0,0.0,0.0,,,
6.400,-0.08,0.1,9.9,-0.1,9.9,-0.1037,-0.026,-0.005,0.0,0.0,0.0,9E-4,9E-5,9.0E-6
6.450,-0.07,-0.1,9.9,-0.1,9.9,-0.1049,-0.027,-0.009,0.0,0.0,0.0,,,
6.500,-0.08,0.0,9.9,-0.1,9.9,-0.1063,-0.028,2.151E-15,0.0,0.0,0.0,0,1E-4,1.0E-5
6.550,-0.08,0.0,9.9,-0.1,9.9,-0.1078,-0.027,0.013,0.0,0.0,0.0,,,
6.600,-0.07,0.1,9.9,-0.1,9.9,-0.1091,-0.026,0.018,0.0,0.0,0.0,0,1E-4,1.1E-5
6.650,-0.07,0.2,9.9,-0.1,9.9,-0.1103,-0.025,0.011,0.0,0.0,0.0,,,
6.700,-0.07,-0.1,9.9,-0.1,9.9,-0.1116,-0.025,0.005,0.0,0.0,0.0,0,1E-4,1.2E-5
6.750,-0.07,0.0,9.9,-0.1,9.9,-0.1129,-0.025,0.009,0.0,0.0,0.0,,,
6.800,-0.07,-0.1,9.9,-0.1,9.9,-0.1141,-0.024,0.018,0.0,0.0,0.0,0,1E-4,1.4E-5
6.850,-0.07,0.1,9.9,-0.1,9.9,-0.1153,-0.023,0.026,0.0,0.0,0.0,,,
6.900,-0.07,0.0,9.9,-0.1,9.9,-0.1164,-0.022,0.031,0.0,0.0,0.0,0,2E-4,1.5E-5
6.950,-0.08,0.1,9.9,-0.1,9.9,-0.1175,-0.020,0.027,0.0,0.0,0.0,,,
7.000,-0.08,0.2,10.0,-0.1,10.0,-0.1185,-0.018,0.008,0.0,0.0,0.0,0,2E-4,1.6E-5
7.050,-0.07,-0.1,9.9,-0.1,9.9,-0.1192,-0.019,-0.015,0.0,0.0,0.0,,,
7.100,-0.07,0.0,9.9,-0.1,9.9,-0.1202,-0.021,-0.019,0.0,0.0,0.0,0,2E-4,1.8E-5
7.150,-0.07,0.1,9.9,-0.1,9.9,-0.1214,-0.022,9.368E-16,0.0,0.0,0.0,,,
7.200,-0.07,0.1,9.9,-0.1,9.9,-0.1225,-0.021,0.020,0.0,0.0,0.0,0,2E-4,1.9E-5
7.250,-0.07,0.1,9.9,-0.1,9.9,-0.1234,-0.019,0.022,0.0,0.0,0.0,,,
7.300,-0.07,0.0,9.9,-0.1,9.9,-0.1243,-0.018,0.007,0.0,0.0,0.0,0,2E-4,2.1E-5
7.350,-0.07,0.0,9.9,-0.1,9.9,-0.1251,-0.018,-0.008,0.0,0.0,0.0,,,
7.400,-0.07,0.0,9.9,-0.1,9.9,-0.1261,-0.019,-0.016,0.0,0.0,0.0,0,2E-4,2.3E-5
7.450,-0.07,0.1,9.9,-0.1,9.9,-0.1271,-0.020,-0.018,0.0,0.0,0.0,,,
7.500,-0.07,-0.1,9.9,-0.1,9.9,-0.1281,-0.021,-0.012,0.0,0.0,0.0,0,2E-4,2.5E-5
7.550,-0.07,0.0,9.9,-0.1,9.9,-0.1291,-0.021,-0.004,0.0,0.0,0.0,,,
7.600,-0.07,0.1,9.9,-0.1,9.9,-0.1304,-0.021,0.003,0.0,0.0,0.0,0,3E-4,2.7E-5
7.650,-0.07,-0.1,9.9,-0.1,9.9,-0.1312,-0.021,0.007,0.0,0.0,0.0,,,
7.700,-0.07,-0.1,10.0,-0.1,10.0,-0.1323,-0.021,0.013,0.0,0.0,0.0,0,3E-4,3.0E-5
7.750,-0.07,0.2,9.9,-0.1,9.9,-0.1335,-0.020,0.022,0.0,0.0,0.0,,,
7.800,-0.07,0.0,9.9,-0.1,9.9,-0.1342,-0.018,0.024,0.0,0.0,0.0,0,3E-4,3.2E-5
7.850,-0.07,0.1,9.9,-0.1,9.9,-0.1352,-0.017,0.023,3.1E-4,0.0,0.0,,,
7.900,-0.07,0.1,9.9,-0.1,9.9,-0.1361,-0.016,0.019,0.0,0.0,0.0,0,4E-4,3.5E-5
7.950,-0.07,0.0,9.9,-0.1,9.9,-0.1368,-0.015,0.013,0.0,0.0,0.0,,,
8.000,-0.07,0.0,9.9,-0.1,9.9,-0.1375,-0.015,0.007,0.0,0.0,0.0,0,4E-4,3.8E-5
8.050,-0.07,0.0,10.0,-0.1,10.0,-0.1382,-0.015,0.003,0.0,0.0,0.0,,,
8.100,-0.07,0.0,9.9,-0.1,9.9,-0.1390,-0.015,0.007,0.0,0.0,0.0,0,4E-4,4.0E-5
8.150,-0.07,0.0,9.9,-0.1,9.9,-0.1397,-0.014,0.012,0.0,0.0,0.0,,,
8.200,-0.07,0.0,9.9,-0.1,9.9,-0.1404,-0.013,0.009,0.0,0.0,0.0,0,4E-4,4.3E-5
8.250,-0.07,0.0,9.9,-0.1,9.9,-0.1410,-0.013,-0.007,0.0,0.0,0.0,,,
8.300,-0.07,-0.1,9.9,-0.1,9.9,-0.1415,-0.013,-0.031,0.0,0.0,0.0,0,5E-4,4.6E-5
8.350,-0.07,0.0,9.9,-0.1,9.9,-0.1424,-0.016,-0.043,0.0,0.0,0.0,,,
8.400,-0.07,-0.1,9.9,-0.1,9.9,-0.1431,-0.019,-0.024,0.0,0.0,0.0,0,5E-4,5.0E-5
8.450,-0.07,-0.1,10.0,-0.1,10.0,-0.1442,-0.020,0.026,0.0,0.0,0.0,,,
8.500,-0.07,0.2,9.9,-0.1,9.9,-0.1454,-0.017,0.075,0.0,0.0,0.0,0,6E-4,5.5E-5
8.550,-0.07,0.3,9.9,-0.1,9.9,-0.1460,-0.011,0.086,0.0,0.0,0.0,,,
8.600,-0.07,0.0,9.9,-0.1,9.9,-0.1462,-0.006,0.050,0.0,0.0,0.0,0,6E-4,5.7E-5
8.650,-0.07,0.1,9.9,-0.1,9.9,-0.1465,-0.005,-0.007,0.0,0.0,0.0,,,
8.700,-0.07,-0.1,9.9,-0.1,9.9,-0.1466,-0.007,-0.044,0.0,0.0,0.0,0,6E-4,5.9E-5
8.750,-0.07,-0.1,9.9,-0.1,9.9,-0.1471,-0.011,-0.046,0.0,0.0,0.0,,,
8.800,-0.07,-0.1,9.9,-0.1,9.9,-0.1478,-0.013,-0.026,0.0,0.0,0.0,0,6E-4,6.3E-5
8.850,-0.07,0.1,9.9,-0.1,9.9,-0.1485,-0.013,-0.009,0.0,0.0,0.0,,,
8.900,-0.07,0.0,9.9,-0.1,9.9,-0.1490,-0.013,-0.007,0.0,0.0,0.0,0,7E-4,6.7E-5
8.950,-0.07,-0.1,9.9,-0.1,9.9,-0.1498,-0.014,-0.005,0.0,0.0,0.0,,,
9.000,-0.07,0.1,9.9,-0.1,9.9,-0.1505,-0.014,0.003,0.0,0.0,0.0,0,7E-4,7.2E-5
9.050,-0.07,-0.1,10.0,-0.1,10.0,-0.1512,-0.013,0.009,0.0,0.0,0.0,,,
9.100,-0.07,0.1,9.9,-0.1,9.9,-0.1518,-0.013,0.007,0.0,0.0,0.0,0,8E-4,7.8E-5
9.150,-0.07,-0.1,9.9,-0.1,9.9,-0.1524,-0.013,-0.001,0.0,0.0,0.0,,,
9.200,-0.07,0.0,9.9,-0.1,9.9,-0.1530,-0.013,-0.007,0.0,0.0,0.0,0,8E-4,8.3E-5
9.250,-0.07,0.1,9.9,-0.1,9.9,-0.1538,-0.013,-0.007,0.0,0.0,0.0,,,
9.300,-0.08,-0.1,9.9,-0.1,9.9,-0.1544,-0.014,-0.003,0.0,0.0,0.0,0,9E-4,8.9E-5
9.350,-0.07,0.0,9.9,-0.1,9.9,-0.1551,-0.014,0.003,0.0,0.0,0.0,,,
9.400,-0.08,0.0,10.0,-0.1,10.0,-0.1558,-0.013,0.007,0.0,0.0,0.0,0,1E-3,9.7E-5
9.450,-0.07,0.0,9.9,-0.1,9.9,-0.1564,-0.013,0.009,0.0,0.0,0.0,,,
9.500,-0.07,0.0,9.9,-0.1,9.9,-0.1570,-0.013,0.013,0.0,0.0,0.0,0,0,1.0E-4
9.550,-0.07,0.1,9.9,-0.1,9.9,-0.1578,-0.012,0.022,0.0,0.0,0.0,,,
9.600,-0.07,0.0,9.9,-0.1,9.9,-0.1582,-0.011,0.024,0.0,0.0,0.0,0,0,1.1E-4
9.650,-0.07,-0.1,9.9,-0.1,9.9,-0.1587,-0.008,0.012,0.0,0.0,0.0,,,
9.700,-0.08,0.3,9.9,-0.1,9.9,-0.1592,-0.008,-0.009,0.0,0.0,0.0,0,0,1.2E-4
9.750,-0.07,-0.4,9.9,-0.1,9.9,-0.1593,-0.010,-0.023,0.0,0.0,0.0,,,
9.800,-0.08,0.2,9.9,-0.1,9.9,-0.1602,-0.012,-0.018,0.0,0.0,0.0,0,0,1.2E-4
9.850,-0.08,0.0,9.9,-0.1,9.9,-0.1608,-0.012,-0.007,0.0,0.0,0.0,,,
9.900,-0.08,0.0,9.9,-0.1,9.9,-0.1613,-0.012,3.469E-16,0.0,0.0,0.0,0,0,1.3E-4
9.950,-0.07,-0.1,9.9,-0.1,9.9,-0.1619,-0.012,0.004,0.0,0.0,0.0,,,
10.000,-0.07,0.1,9.9,-0.1,9.9,-0.1626,-0.012,0.004,0.0,0.0,0.0,0,0,1.4E-4
10.050,-0.07,0.0,9.9,-0.1,9.9,-0.1631,-0.011,-0.007,0.0,0.0,0.0,,,
10.100,-0.07,-9.7E-4,9.9,-0.1,9.9,-0.1636,-0.012,-0.024,0.0,0.0,0.0,0,0,1.5E-4
10.150,-0.07,-0.1,9.9,-0.1,9.9,-0.1642,-0.014,-0.028,0.0,0.0,0.0,,,
10.200,-0.07,0.0,9.9,-0.1,9.9,-0.1650,-0.016,-0.012,0.0,0.0,0.0,0,0,1.7E-4
10.250,-0.07,0.1,9.9,-0.1,9.9,-0.1659,-0.015,0.004,0.0,0.0,0.0,,,
10.300,-0.07,0.1,9.9,-0.1,9.9,-0.1666,-0.014,0.003,0.0,0.0,0.0,0,0,1.9E-4
10.350,-0.08,0.0,9.9,-0.1,9.9,-0.1672,-0.015,-0.009,0.0,0.0,0.0,,,
10.400,-0.07,0.0,9.9,-0.1,9.9,-0.1679,-0.016,-0.012,0.0,0.0,0.0,0,0,2.0E-4
10.450,-0.08,0.1,10.0,-0.1,10.0,-0.1689,-0.017,0.003,0.0,0.0,0.0,,,
10.500,-0.07,0.0,9.9,-0.1,9.9,-0.1696,-0.016,0.022,0.0,0.0,0.0,0,0,2.3E-4
10.550,-0.07,0.1,9.9,-0.1,9.9,-0.1705,-0.014,0.028,0.0,0.0,0.0,,,
10.600,-0.07,0.1,10.0,-0.1,10.0,-0.1711,-0.012,0.019,0.0,0.0,0.0,0,0,2.5E-4
10.650,-0.08,0.0,9.9,-0.1,9.9,-0.1716,-0.012,0.007,0.0,0.0,0.0,,,
10.700,-0.07,0.0,9.9,-0.1,9.9,-0.1722,-0.012,0.007,0.0,0.0,0.0,0,0,2.7E-4
10.750,-0.07,0.1,9.9,-0.1,9.9,-0.1729,-0.012,0.016,0.0,0.0,0.0,,,
10.800,-0.07,0.0,9.9,-0.1,9.9,-0.1734,-0.010,0.019,0.0,0.0,0.0,0,0,2.9E-4
10.850,-0.07,0.0,9.9,-0.1,9.9,-0.1739,-0.009,0.009,0.0,0.0,0.0,,,
10.900,-0.07,0.0,9.9,-0.1,9.9,-0.1743,-0.009,-0.001,0.0,0.0,0.0,0,0,3.0E-4
10.950,-0.08,-0.1,9.9,-0.1,9.9,-0.1747,-0.010,-0.001,0.0,0.0,0.0,,,
11.000,-0.08,0.1,10.0,-0.1,10.0,-0.1753,-0.010,0.004,0.0,0.0,0.0,0,0,3.2E-4
11.050,-0.08,0.0,10.0,-0.1,10.0,-0.1757,-0.009,0.003,0.0,0.0,0.0,,,
11.100,-0.07,0.0,9.9,-0.1,9.9,-0.1762,-0.009,-0.004,0.0,0.0,0.0,0,0,3.4E-4
11.150,-0.07,-0.1,9.9,-0.1,9.9,-0.1766,-0.010,-0.005,0.0,0.0,0.0,,,
11.200,-0.08,0.1,9.9,-0.1,9.9,-0.1772,-0.010,0.005,0.0,0.0,0.0,0,0,3.6E-4
11.250,-0.07,-9.7E-4,9.9,-0.1,9.9,-0.1776,-0.009,0.015,0.0,0.0,0.0,,,
11.300,-0.07,0.2,9.9,-0.1,9.9,-0.1781,-0.008,0.007,0.0,0.0,0.0,0,0,3.8E-4
11.350,-0.07,0.0,9.9,-0.1,9.9,-0.1784,-0.008,-0.013,0.0,0.0,0.0,,,
11.400,-0.07,-0.1,9.9,-0.1,9.9,-0.1787,-0.010,-0.022,0.0,0.0,0.0,0,0,4.0E-4
11.450,-0.08,-9.7E-4,9.9,-0.1,9.9,-0.1793,-0.011,-0.008,0.0,0.0,0.0,,,
11.500,-0.08,0.2,9.9,-0.1,9.9,-0.1801,-0.011,0.009,0.0,0.0,0.0,0,0,4.3E-4
11.550,-0.08,0.1,9.9,-0.1,9.9,-0.1804,-0.009,0.013,0.0,0.0,0.0,,,
11.600,-0.08,-0.1,9.9,-0.1,9.9,-0.1808,-0.009,0.008,0.0,0.0,0.0,0,0,4.5E-4
11.650,-0.07,0.1,9.9,-0.1,9.9,-0.1814,-0.009,0.003,0.0,0.0,0.0,,,
11.700,-0.07,0.0,9.9,-0.1,9.9,-0.1818,-0.008,-0.003,0.0,0.0,0.0,0,0,4.7E-4
11.750,-0.07,0.0,9.9,-0.1,9.9,-0.1821,-0.009,-0.007,0.0,0.0,0.0,,,
11.800,-0.07,-0.1,10.0,-0.1,10.0,-0.1826,-0.010,-0.007,0.0,0.0,0.0,0,0,4.9E-4
11.850,-0.08,0.1,9.9,-0.1,9.9,-0.1832,-0.010,-0.004,0.0,0.0,0.0,,,
11.900,-0.07,-0.1,9.9,-0.1,9.9,-0.1836,-0.010,-0.001,0.0,0.0,0.0,0,0,5.1E-4
11.950,-0.07,0.0,9.9,-0.1,9.9,-0.1841,-0.010,0.007,0.0,0.0,0.0,,,
12.000,-0.07,0.1,9.9,-0.1,9.9,-0.1847,-0.010,0.022,0.0,0.0,0.0,0,0,5.3E-4
12.050,-0.07,0.1,9.9,0.0,9.9,-0.1852,-0.008,0.034,0.0,0.0,0.0,,,
12.100,-0.07,0.1,9.9,-0.1,9.9,-0.1854,-0.006,0.035,0.0,0.0,0.0,0,0,5.4E-4
12.150,-0.07,-0.1,9.9,-0.1,9.9,-0.1857,-0.004,0.027,0.0,0.0,0.0,,,
12.200,-0.07,0.2,9.9,-0.1,9.9,-0.1859,-0.003,0.015,0.0,0.0,0.0,0,0,5.4E-4
12.250,-0.07,-0.1,9.9,-0.1,9.9,-0.1859,-0.002,0.003,0.0,0.0,0.0,,,
12.300,-0.07,-9.7E-4,9.9,-0.1,9.9,-0.1860,-0.003,-0.005,0.0,0.0,0.0,0,0,5.5E-4
12.350,-0.08,0.0,9.9,-0.1,9.9,-0.1863,-0.003,-0.009,0.0,0.0,0.0,,,
12.400,-0.07,0.0,9.9,-0.1,9.9,-0.1864,-0.004,-0.011,0.0,0.0,0.0,0,0,5.5E-4
12.450,-0.07,0.0,9.9,-0.1,9.9,-0.1865,-0.004,-0.007,0.0,0.0,0.0,,,
12.500,-0.07,0.1,9.9,-0.1,9.9,-0.1869,-0.005,0.004,0.0,0.0,0.0,0,0,5.5E-4
12.550,-0.07,0.0,9.9,-0.1,9.9,-0.1871,-0.004,0.012,0.0,0.0,0.0,,,
12.600,-0.07,0.0,9.9,-0.1,9.9,-0.1872,-0.003,0.009,0.0,0.0,0.0,0,0,5.5E-4
12.650,-0.07,0.0,9.9,-0.1,9.9,-0.1874,-0.003,0.001,0.0,0.0,0.0,,,
12.700,-0.07,-0.1,10.0,-0.1,10.0,-0.1875,-0.003,-0.001,0.0,0.0,0.0,0,0,5.5E-4
12.750,-0.07,0.1,9.9,-0.1,9.9,-0.1877,-0.003,0.001,0.0,0.0,0.0,,,
12.800,-0.08,0.0,9.9,-0.1,9.9,-0.1878,-0.003,0.003,0.0,0.0,0.0,0,0,5.5E-4
12.850,-0.07,0.0,9.9,-0.1,9.9,-0.1880,-0.003,0.004,0.0,0.0,0.0,,,
12.900,-0.07,0.0,9.9,-0.1,9.9,-0.1881,-0.003,0.008,0.0,0.0,0.0,0,0,5.4E-4
12.950,-0.07,0.2,9.9,-0.1,9.9,-0.1883,-0.002,0.012,0.0,0.0,0.0,,,
13.000,-0.07,0.0,9.9,-0.1,9.9,-0.1883,-0.001,0.009,0.0,0.0,0.0,0,0,5.4E-4
13.050,-0.07,0.0,9.9,-0.1,9.9,-0.1883,-8.084E-4,0.004,0.0,0.0,0.0,,,
13.100,-0.07,0.0,9.9,-0.1,9.9,-0.1884,-0.001,0.003,0.0,0.0,0.0,0,0,5.4E-4
13.150,-0.07,-0.1,9.9,-0.1,9.9,-0.1884,-8.084E-4,0.004,0.0,0.0,0.0,,,
13.200,-0.07,0.1,9.9,-0.1,9.9,-0.1886,-4.042E-4,0.003,0.0,0.0,0.0,0,0,5.4E-4
13.250,-0.07,0.0,9.9,-0.1,9.9,-0.1884,-4.042E-4,-0.003,0.0,0.0,0.0,,,
13.300,-0.08,0.0,9.9,-0.1,9.9,-0.1886,-8.084E-4,-0.004,0.0,0.0,0.0,0,0,5.4E-4
13.350,-0.07,0.0,10.0,-0.1,10.0,-0.1886,-0.001,-1.852E-15,0.0,0.0,0.0,,,
13.400,-0.07,-9.7E-4,9.9,-0.1,9.9,-0.1887,-8.084E-4,0.004,0.0,0.0,0.0,0,0,5.3E-4
13.450,-0.07,0.1,9.9,-0.1,9.9,-0.1887,-4.042E-4,0.003,0.0,0.0,0.0,,,
13.500,-0.08,0.0,9.9,-0.1,9.9,-0.1887,-4.042E-4,-0.001,0.0,0.0,0.0,0,0,5.3E-4
13.550,-0.07,0.0,9.9,-0.1,9.9,-0.1887,-8.084E-4,-1.839E-15,0.0,0.0,0.0,,,
13.600,-0.07,0.0,10.0,-0.1,10.0,-0.1888,-8.084E-4,0.009,0.0,0.0,0.0,0,0,5.3E-4
13.650,-0.07,0.0,9.9,-0.1,9.9,-0.1888,0.000,0.023,0.0,0.0,0.0,,,
13.700,-0.07,0.0,9.9,-0.1,9.9,-0.1888,0.002,0.031,0.0,0.0,0.0,0,0,5.3E-4
13.750,-0.07,0.1,9.9,-0.1,9.9,-0.1887,0.004,0.030,0.0,0.0,0.0,,,
13.800,-0.07,0.0,9.9,-0.1,9.9,-0.1884,0.005,0.024,0.0,0.0,0.0,0,0,5.4E-4
13.850,-0.07,-0.1,9.9,-0.1,9.9,-0.1881,0.006,0.023,0.0,0.0,0.0,,,
13.900,-0.07,0.2,9.9,-0.1,9.9,-0.1880,0.007,0.028,0.0,0.0,0.0,0,0,5.5E-4
13.950,-0.07,0.1,9.9,-0.1,9.9,-0.1875,0.008,0.034,0.0,0.0,0.0,,,
14.000,-0.07,0.0,9.9,-0.1,9.9,-0.1870,0.011,0.035,0.0,0.0,0.0,0,0,5.5E-4
14.050,-0.08,0.1,10.0,-0.1,10.0,-0.1865,0.012,0.032,0.0,0.0,0.0,,,
14.100,-0.07,0.0,10.0,-0.1,10.0,-0.1858,0.014,0.030,0.0,0.0,0.0,0,0,5.3E-4
14.150,-0.07,0.0,9.9,-0.1,9.9,-0.1850,0.015,0.032,0.0,0.0,0.0,,,
14.200,-0.07,0.1,9.9,-0.1,9.9,-0.1843,0.017,0.042,0.0,0.0,0.0,0,0,5.1E-4
14.250,-0.07,0.1,9.9,-0.1,9.9,-0.1835,0.019,0.054,0.0,0.0,0.0,,,
14.300,-0.07,0.1,9.9,-0.1,9.9,-0.1824,0.022,0.062,0.0,0.0,0.0,0,0,4.6E-4
14.350,-0.07,0.1,9.9,-0.1,9.9,-0.1813,0.025,0.065,0.0,0.0,0.0,,,
14.400,-0.08,0.0,10.0,-0.1,10.0,-0.1798,0.029,0.063,0.0,0.0,0.0,0,0,4.0E-4
14.450,-0.07,0.0,10.0,-0.1,10.0,-0.1784,0.032,0.059,-9.2E-4,0.0,0.0,,,
14.500,-0.07,0.0,9.9,-0.1,9.9,-0.1767,0.035,0.051,0.0,0.0,0.0,0,0,3.2E-4
14.550,-0.07,0.0,9.9,-0.1,9.9,-0.1749,0.037,0.042,0.0,0.0,0.0,,,
14.600,-0.07,0.0,9.9,-0.1,9.9,-0.1729,0.039,0.035,0.0,0.0,0.0,0,0,2.5E-4
14.650,-0.07,0.1,9.9,-0.1,9.9,-0.1710,0.040,0.035,0.0,0.0,0.0,,,
14.700,-0.07,0.2,9.9,-0.1,9.9,-0.1689,0.042,0.044,0.0,0.0,0.0,0,0,1.9E-4
14.750,-0.08,0.1,9.9,-0.1,9.9,-0.1667,0.044,0.058,0.0,0.0,0.0,,,
14.800,-0.08,0.2,9.9,-0.1,9.9,-0.1646,0.048,0.065,0.0,0.0,0.0,0,0,1.5E-4
14.850,-0.08,0.2,9.9,-0.1,9.9,-0.1620,0.052,0.058,0.0,0.0,0.0,,,
14.900,-0.07,0.1,9.9,-0.1,9.9,-0.1592,0.054,0.047,0.0,0.0,0.0,0,0,1.1E-4
14.950,-0.07,0.0,9.9,-0.1,9.9,-0.1565,0.056,0.046,0.0,0.0,0.0,,,
15.000,-0.07,0.2,9.9,-0.1,9.9,-0.1538,0.058,0.053,0.0,0.0,0.0,0,8E-4,7.7E-5
15.050,-0.07,0.1,9.9,-0.1,9.9,-0.1507,0.061,0.057,0.0,0.0,0.0,,,
15.100,-0.07,0.1,9.9,-0.1,9.9,-0.1476,0.064,0.053,0.0,0.0,0.0,0,6E-4,5.5E-5
15.150,-0.07,0.1,9.9,-0.1,9.9,-0.1443,0.067,0.044,0.0,0.0,0.0,,,
15.200,-0.07,0.1,9.9,-0.1,9.9,-0.1409,0.069,0.039,0.0,0.0,0.0,0,4E-4,4.0E-5
15.250,-0.08,0.0,9.9,-0.1,9.9,-0.1374,0.070,0.042,0.0,0.0,0.0,,,
15.300,-0.07,0.1,9.9,-0.1,9.9,-0.1339,0.072,0.055,0.0,0.0,0.0,0,3E-4,2.8E-5
15.350,-0.08,0.1,9.9,-0.1,9.9,-0.1302,0.076,0.070,0.0,0.0,0.0,,,
15.400,-0.07,0.2,9.9,-0.1,9.9,-0.1264,0.080,0.073,0.0,0.0,0.0,0,2E-4,2.0E-5
15.450,-0.08,0.1,9.9,-0.1,9.9,-0.1222,0.084,0.063,0.0,0.0,0.0,,,
15.500,-0.08,0.0,9.9,-0.1,9.9,-0.1179,0.086,0.053,0.0,0.0,0.0,0,1E-4,1.4E-5
15.550,-0.07,0.1,9.9,-0.1,9.9,-0.1136,0.089,0.044,0.0,0.0,0.0,,,
15.600,-0.07,0.1,9.9,-0.1,9.9,-0.1091,0.091,0.031,0.0,0.0,0.0,1E-3,1E-4,9.9E-6
15.650,-0.07,0.0,9.9,-0.1,9.9,-0.1044,0.092,0.012,0.0,0.0,0.0,,,
15.700,-0.07,0.0,9.9,-0.1,9.9,-0.0998,0.092,5.690E-15,0.0,0.0,0.0,7E-4,7E-5,6.8E-6
15.750,-0.08,0.2,9.9,-0.1,9.9,-0.0953,0.091,3.331E-15,0.0,0.0,0.0,,,
15.800,-0.07,0.0,9.9,-0.1,9.9,-0.0907,0.092,0.001,0.0,0.0,0.0,5E-4,5E-5,4.7E-6
15.850,-0.07,0.1,10.0,-0.1,10.0,-0.0861,0.092,-0.009,0.0,0.0,0.0,,,
15.900,-0.07,-9.7E-4,9.9,-0.1,9.9,-0.0815,0.091,-0.036,0.0,0.0,0.0,3E-4,3E-5,3.1E-6
15.950,-0.08,0.0,9.9,-0.1,9.9,-0.0769,0.089,-0.071,0.0,0.0,0.0,,,
16.000,-0.07,-0.1,9.9,-0.1,9.9,-0.0725,0.084,-0.098,0.0,0.0,0.0,2E-4,2E-5,2.1E-6
16.050,-0.07,-0.2,9.9,-0.1,9.9,-0.0684,0.078,-0.104,0.0,0.0,0.0,,,
16.100,-0.07,-9.7E-4,9.9,-0.1,9.9,-0.0648,0.073,-0.086,0.0,0.0,0.0,1E-4,1E-5,1.3E-6
16.150,-0.07,0.0,9.9,-0.1,9.9,-0.0612,0.069,-0.058,0.0,0.0,0.0,,,
16.200,-0.08,-0.1,9.9,-0.1,9.9,-0.0578,0.067,-0.030,0.0,0.0,0.0,7E-5,7E-6,7.3E-7
16.250,-0.08,0.1,9.9,-0.1,9.9,-0.0546,0.066,-0.008,0.0,0.0,0.0,,,
16.300,-0.07,0.1,9.9,-0.1,9.9,-0.0513,0.067,-0.003,0.0,0.0,0.0,3E-5,3E-6,3.0E-7
16.350,-0.07,0.1,9.9,-0.1,9.9,-0.0479,0.067,-0.022,0.0,0.0,0.0,,,
16.400,-0.07,0.0,9.9,-0.1,9.9,-0.0445,0.065,-0.061,0.0,0.0,0.0,-9E-6,-9E-7,-9.2E-8
16.450,-0.07,-0.1,9.9,-0.1,9.9,-0.0412,0.061,-0.100,0.0,0.0,0.0,,,
16.500,-0.07,-0.1,9.9,-0.1,9.9,-0.0383,0.055,-0.116,0.0,0.0,0.0,-4E-5,-4E-6,-4.0E-7
16.550,-0.07,-0.2,9.9,-0.1,9.9,-0.0358,0.048,-0.108,0.0,0.0,0.0,,,
16.600,-0.07,0.0,9.9,-0.1,9.9,-0.0336,0.044,-0.093,0.0,0.0,0.0,-6E-5,-6E-6,-6.1E-7
16.650,-0.07,0.0,10.0,-0.1,10.0,-0.0315,0.040,-0.086,0.0,0.0,0.0,,,
16.700,-0.08,-0.1,9.9,-0.1,9.9,-0.0295,0.035,-0.084,0.0,0.0,0.0,-8E-5,-8E-6,-7.7E-7
16.750,-0.07,-0.1,9.9,-0.1,9.9,-0.0280,0.031,-0.075,0.0,0.0,0.0,,,
16.800,-0.07,0.0,9.9,-0.1,9.9,-0.0266,0.027,-0.067,0.0,0.0,0.0,-9E-5,-9E-6,-8.7E-7
16.850,-0.08,-0.1,9.9,-0.1,9.9,-0.0252,0.025,-0.061,0.0,0.0,0.0,,,
16.900,-0.07,-0.2,9.9,-0.1,9.9,-0.0240,0.021,-0.050,0.0,0.0,0.0,-9E-5,-9E-6,-9.4E-7
16.950,-0.07,0.1,9.9,-0.1,9.9,-0.0232,0.019,-0.027,0.0,0.0,0.0,,,
17.000,-0.07,0.1,9.9,-0.1,9.9,-0.0223,0.018,0.012,0.0,0.0,0.0,-1E-4,-1E-5,-1.1E-6
17.050,-0.07,-0.1,9.9,-0.1,9.9,-0.0212,0.019,0.059,0.0,0.0,0.0,,,
17.100,-0.07,0.2,9.9,-0.1,9.9,-0.0205,0.024,0.088,0.0,0.0,0.0,-1E-4,-1E-5,-1.1E-6
17.150,-0.08,0.3,10.0,-0.1,10.0,-0.0192,0.031,0.059,0.0,0.0,0.0,,,
17.200,-0.07,0.0,9.9,-0.1,9.9,-0.0171,0.033,-0.013,0.0,0.0,0.0,-1E-4,-1E-5,-1.2E-6
17.250,-0.07,-0.3,9.9,-0.1,9.9,-0.0154,0.028,-0.059,0.0,0.0,0.0,,,
17.300,-0.07,-0.1,9.9,-0.1,9.9,-0.0143,0.023,-0.034,0.0,0.0,0.0,-1E-4,-1E-5,-1.3E-6
17.350,-0.07,0.1,9.9,-0.1,9.9,-0.0135,0.023,0.027,0.0,0.0,0.0,,,
17.400,-0.07,0.3,10.0,-0.1,10.0,-0.0122,0.028,0.055,-4.6E-4,0.0,0.0,-1E-4,-1E-5,-1.4E-6
17.450,-0.07,-0.2,9.9,-0.1,9.9,-0.0104,0.031,0.038,0.0,0.0,0.0,,,
17.500,-0.08,0.1,9.9,-0.1,9.9,-0.0090,0.032,0.011,0.0,0.0,0.0,-1E-4,-1E-5,-1.4E-6
17.550,-0.07,0.0,9.9,-0.1,9.9,-0.0074,0.031,-0.003,0.0,0.0,0.0,,,
17.600,-0.08,0.0,9.9,-0.1,9.9,-0.0058,0.031,-0.009,0.0,0.0,0.0,-2E-4,-2E-5,-1.5E-6
17.650,-0.07,0.0,9.9,-0.1,9.9,-0.0042,0.031,-0.034,0.0,0.0,0.0,,,
17.700,-0.08,0.1,10.0,-0.1,10.0,-0.0028,0.029,-0.085,0.0,0.0,0.0,-2E-4,-2E-5,-1.5E-6
17.750,-0.07,-0.1,10.0,-0.1,10.0,-0.0012,0.023,-0.140,0.0,0.0,0.0,,,
17.800,-0.74,-1.0,10.0,-0.1,10.0,-1.2126E-4,0.013,-0.158,0.0,0.0,0.0,-2E-4,-2E-5,-1.6E-6
17.850,-1.29,-0.1,9.9,-0.1,9.9,2.5912E-17,0.004,-0.120,0.0,0.0,0.0,,,
17.900,-1.61,0.0,9.9,-0.1,9.9,2.5912E-17,4.042E-4,-0.059,0.0,0.0,0.0,-2E-4,-2E-5,-1.6E-6
17.950,-1.99,0.0,9.9,-0.1,9.9,2.5912E-17,0.000,-0.018,0.0,0.0,0.0,,,
18.000,-2.26,0.0,9.9,-0.1,9.9,2.5912E-17,0.000,-0.005,0.0,0.0,0.0,-2E-4,-2E-5,-1.6E-6
18.050,-2.36,-9.7E-4,9.9,-0.1,9.9,2.5912E-17,-4.042E-4,-0.005,0.0,0.0,0.0,,,
18.100,-1.40,0.0,9.9,-0.1,9.9,2.5912E-17,-8.084E-4,-0.003,0.0,0.0,0.0,-2E-4,-2E-5,-1.6E-6
18.150,-0.31,-0.1,9.6,-0.4,9.6,-1.2126E-4,-8.084E-4,0.003,0.0,0.0,0.0,,,
18.200,-0.07,0.0,9.9,-0.1,9.9,-1.2126E-4,-4.042E-4,0.005,0.0,0.0,0.0,-2E-4,-2E-5,-1.6E-6
18.250,-0.08,0.0,9.9,0.0,9.9,-1.2126E-4,0.000,0.004,0.0,0.0,0.0,,,
18.300,-0.07,-9.7E-4,9.9,-0.1,9.9,-1.2126E-4,0.000,0.001,0.0,0.0,0.0,-2E-4,-2E-5,-1.6E-6
18.350,-0.08,0.0,9.9,-0.1,9.9,-1.2126E-4,0.000,0.000,0.0,0.0,0.0,,,
18.400,-0.08,0.0,9.9,-0.1,9.9,-1.2126E-4,0.000,0.000,0.0,0.0,0.0,-2E-4,-2E-5,-1.6E-6
18.450,-0.08,0.0,9.9,-0.1,9.9,-1.2126E-4,0.000,0.000,0.0,0.0,0.0,,,
18.500,-0.08,0.0,9.9,-0.1,9.9,-1.2126E-4,0.000,0.000,0.0,0.0,0.0,-2E-4,-2E-5,-1.6E-6
18.550,-0.08,0.0,9.9,-0.1,9.9,-1.2126E-4,0.000,0.000,0.0,0.0,0.0,,,
18.600,-0.08,0.0,9.9,-0.1,9.9,-1.2126E-4,0.000,0.000,0.0,0.0,0.0,-2E-4,-2E-5,-1.6E-6
18.650,-0.08,0.0,9.9,-0.1,9.9,-1.2126E-4,0.000,0.000,0.0,0.0,0.0,,,
18.700,-0.08,-9.7E-4,9.9,-0.1,9.9,-1.2126E-4,0.000,0.000,0.0,0.0,0.0,-2E-4,-2E-5,-1.6E-6
18.750,-0.08,0.0,9.9,-0.1,9.9,-1.2126E-4,0.000,0.000,0.0,0.0,0.0,,,
18.800,-0.08,0.0,9.9,-0.1,9.9,-1.2126E-4,0.000,0.000,0.0,0.0,0.0,-2E-4,-2E-5,-1.6E-6
18.850,-0.08,-9.7E-4,9.9,-0.1,9.9,-1.2126E-4,0.000,0.000,0.0,0.0,0.0,,,
18.900,-0.08,0.0,9.9,-0.1,9.9,-1.2126E-4,0.000,0.000,0.0,0.0,0.0,-2E-4,-2E-5,-1.6E-6
18.950,-0.07,0.0,9.9,-0.1,9.9,-1.2126E-4,0.000,0.000,0.0,0.0,0.0,,,
19.000,-0.08,-9.7E-4,9.9,-0.1,9.9,-1.2126E-4,0.000,0.000,0.0,0.0,0.0,-2E-4,-2E-5,-1.6E-6
19.050,-0.08,0.0,9.9,-0.1,9.9,-1.2126E-4,0.000,0.000,0.0,0.0,0.0,,,
19.100,-0.08,0.0,9.9,-0.1,9.9,-1.2126E-4,0.000,0.000,0.0,0.0,0.0,-2E-4,-2E-5,-1.6E-6
19.150,-0.08,0.0,9.9,-0.1,9.9,-1.2126E-4,0.000,,0.0,0.0,0.0,,,
19.200,-0.08,-9.7E-4,9.9,-0.1,9.9,-1.2126E-4,0.000,,0.0,0.0,0.0,,,
19.250,-0.08,0.0,9.9,-0.1,9.9,-1.2126E-4,,,0.0,0.0,0.0,,,
