Sample,M0,M1,M2,M3,M4,M5,M6,M7,M8,M9,ToF
0,931,943,948,336,333,943,943,947,947,947
1,936,947,948,336,333,947,949,947,949,947
2,935,948,949,336,335,949,948,943,947,943
3,933,950,947,333,337,948,950,948,947,948
4,933,943,949,336,333,943,943,943,947,943
5,936,949,948,336,334,949,949,952,952,952
6,937,947,950,339,334,952,951,948,948,952
7,935,950,952,336,335,947,949,943,947,947
8,936,949,947,334,336,948,950,948,948,948
9,933,947,948,336,333,947,948,943,949,947
10,934,948,943,333,336,950,952,948,948,948
11,933,949,949,336,334,946,948,943,947,946
12,935,948,943,334,336,946,948,946,948,947
13,937,943,948,335,331,945,943,943,948,945
14,934,947,948,336,333,947,947,947,949,947
15,936,950,946,335,334,951,947,947,949,945
16,931,948,947,334,337,948,948,946,946,948
17,931,946,945,332,335,946,948,948,948,948
18,931,943,948,332,333,946,948,947,943,948
19,934,949,947,333,334,948,948,948,948,949
20,933,949,947,332,337,948,948,948,949,952
21,935,943,335,334,333,947,948,947,947,946
22,933,946,334,331,945,948,949,946,948,945
23,934,351,332,948,947,952,952,951,952,949
24,936,947,332,338,948,949,947,947,952,947
25,936,947,333,336,332,947,947,943,947,943
26,934,948,331,335,331,946,943,943,947,943
27,936,946,948,335,330,945,947,945,949,947
28,938,947,948,336,332,947,950,948,949,948
29,935,948,950,333,335,948,948,948,948,948
30,936,949,949,948,333,949,947,950,949,947
31,933,946,952,943,333,948,948,948,948,949
32,936,949,948,947,949,947,332,947,947,948
33,936,947,952,947,948,950,332,336,947,950
34,933,948,947,946,949,950,335,339,333,951
35,933,944,943,944,945,949,950,339,333,945
36,932,948,944,946,943,947,947,945,334,332
37,933,950,943,945,947,949,947,947,336,332
38,936,945,948,945,952,943,946,946,947,331
39,936,949,948,947,949,943,943,947,943,946
40,932,945,948,944,948,943,943,946,947,948
41,932,947,943,945,947,947,947,947,947,943
42,936,947,952,943,952,949,952,952,952,952
43,933,948,948,943,952,948,950,948,948,949
44,935,946,948,943,946,948,948,944,946,946
45,934,947,946,945,945,943,943,943,943,946
46,931,948,947,943,950,948,948,948,948,949
47,933,946,947,943,947,948,948,948,948,947
48,931,946,947,943,947,948,947,948,948,943
49,936,943,952,943,949,948,948,946,948,948
50,933,948,947,946,947,949,949,949,949,943
51,936,947,948,945,948,949,949,948,947,948
52,933,948,945,945,945,948,947,945,948,943
53,933,943,948,943,946,946,945,943,943,946
54,934,943,949,943,946,948,946,944,946,948
55,936,945,948,945,950,943,947,948,949,948
56,935,946,947,944,947,949,947,943,947,946
57,933,948,943,944,947,949,947,945,948,943
58,933,944,947,942,948,944,946,944,946,948
59,936,945,948,945,948,943,947,947,947,948
60,934,943,948,943,950,948,948,948,948,952
61,936,947,945,943,948,943,946,945,947,948
62,931,944,943,944,943,948,947,946,950,943
63,936,947,948,945,948,947,943,943,947,947
64,935,948,947,948,947,952,947,947,949,950
65,932,950,943,946,947,951,947,947,949,947
66,936,943,949,943,947,948,948,946,948,947
67,936,943,948,941,948,944,948,948,948,946
68,932,947,947,946,946,943,946,943,943,948
69,933,948,945,946,947,952,947,947,949,950
70,934,946,946,945,946,947,946,946,943,948
71,935,943,948,943,946,946,944,944,946,949
72,934,950,946,947,947,947,947,947,947,946
73,934,948,948,943,951,948,948,947,948,947
74,936,943,950,943,949,948,949,947,948,943
75,931,943,945,943,948,946,948,946,945,947
76,934,943,947,943,946,948,948,948,948,948
77,934,949,947,945,948,943,948,948,948,948
78,936,947,948,945,948,943,948,948,948,948
79,934,946,947,945,947,950,947,947,949,943
80,932,947,946,945,946,943,946,943,943,948
81,931,946,943,944,943,947,947,943,943,949
82,934,948,943,948,943,947,947,943,947,946
83,934,947,948,945,948,948,948,948,948,948
84,936,943,948,943,948,948,948,946,948,949
85,932,945,943,945,943,947,943,943,945,943
86,933,948,943,945,947,947,945,947,947,948
87,938,943,948,943,948,948,948,946,948,948
88,938,945,948,943,948,946,946,946,946,948
89,932,947,947,945,943,945,943,943,945,943
90,933,943,952,943,948,946,948,946,946,948
91,938,943,948,943,949,948,948,948,950,952
92,936,943,949,943,948,948,952,948,948,949
93,931,946,947,945,947,948,947,946,948,943
94,936,943,948,943,948,946,948,948,948,952
95,933,948,947,943,948,950,952,950,952,950
96,936,947,949,943,949,948,949,949,952,947
97,936,949,946,945,947,943,946,943,943,944
98,931,946,946,943,950,946,949,948,948,946
99,933,943,946,943,946,943,946,943,943,948
